timestamp,location,last4ccnum_n_loyaltynum,count
2014-01-06,Abila Airport,8642,2
2014-01-06,Abila Airport,9220,2
2014-01-06,Abila Zacharo,1286,1
2014-01-06,Abila Zacharo,2418,1
2014-01-06,Abila Zacharo,7108,1
2014-01-06,Abila Zacharo,7354,1
2014-01-06,Abila Zacharo,7688,1
2014-01-06,Abila Zacharo,9405,1
2014-01-06,Albert's Fine Clothing,4434,1
2014-01-06,Albert's Fine Clothing,9551,1
2014-01-06,Bean There Done That,1321,1
2014-01-06,Bean There Done That,1415,1
2014-01-06,Bean There Done That,1877,1
2014-01-06,Bean There Done That,6895,1
2014-01-06,Bean There Done That,9635,1
2014-01-06,Brew've Been Served,1286,1
2014-01-06,Brew've Been Served,3484,1
2014-01-06,Brew've Been Served,3853,1
2014-01-06,Brew've Been Served,4434,1
2014-01-06,Brew've Been Served,4795,1
2014-01-06,Brew've Been Served,4948,1
2014-01-06,Brew've Been Served,5368,1
2014-01-06,Brew've Been Served,5407,1
2014-01-06,Brew've Been Served,6816,1
2014-01-06,Brew've Been Served,6901,1
2014-01-06,Brew've Been Served,7384,1
2014-01-06,Brew've Been Served,7819,1
2014-01-06,Brew've Been Served,8202,1
2014-01-06,Brew've Been Served,8411,1
2014-01-06,Brew've Been Served,9405,1
2014-01-06,Brew've Been Served,9683,1
2014-01-06,Brewed Awakenings,2540,1
2014-01-06,Brewed Awakenings,7688,1
2014-01-06,Brewed Awakenings,8332,1
2014-01-06,Carlyle Chemical Inc.,9220,1
2014-01-06,Coffee Cameleon,2142,1
2014-01-06,Coffee Cameleon,2418,1
2014-01-06,Coffee Cameleon,5921,1
2014-01-06,Coffee Cameleon,7253,1
2014-01-06,Coffee Shack,7117,1
2014-01-06,Frydos Autosupply n' More,1310,1
2014-01-06,Frydos Autosupply n' More,2142,1
2014-01-06,Frydos Autosupply n' More,5368,1
2014-01-06,Frydos Autosupply n' More,5407,1
2014-01-06,Frydos Autosupply n' More,8202,1
2014-01-06,Frydos Autosupply n' More,9241,1
2014-01-06,Gelatogalore,3492,1
2014-01-06,Gelatogalore,7253,1
2014-01-06,Gelatogalore,7819,1
2014-01-06,Gelatogalore,7889,1
2014-01-06,Guy's Gyros,1310,1
2014-01-06,Guy's Gyros,1415,1
2014-01-06,Guy's Gyros,2463,1
2014-01-06,Guy's Gyros,3484,1
2014-01-06,Guy's Gyros,6816,1
2014-01-06,Guy's Gyros,6901,1
2014-01-06,Guy's Gyros,7108,1
2014-01-06,Guy's Gyros,7384,2
2014-01-06,Guy's Gyros,7819,1
2014-01-06,Guy's Gyros,9635,1
2014-01-06,Hallowed Grounds,1874,1
2014-01-06,Hallowed Grounds,2681,1
2014-01-06,Hallowed Grounds,3492,1
2014-01-06,Hallowed Grounds,6691,1
2014-01-06,Hallowed Grounds,7108,1
2014-01-06,Hallowed Grounds,7889,1
2014-01-06,Hallowed Grounds,8129,1
2014-01-06,Hallowed Grounds,9551,1
2014-01-06,Hallowed Grounds,9617,1
2014-01-06,Hippokampos,1321,1
2014-01-06,Hippokampos,1415,1
2014-01-06,Hippokampos,1877,2
2014-01-06,Hippokampos,2681,1
2014-01-06,Hippokampos,4795,1
2014-01-06,Hippokampos,4948,1
2014-01-06,Hippokampos,6691,1
2014-01-06,Hippokampos,6895,1
2014-01-06,Hippokampos,7117,1
2014-01-06,Hippokampos,7688,1
2014-01-06,Hippokampos,8156,2
2014-01-06,Hippokampos,8202,1
2014-01-06,Hippokampos,8332,1
2014-01-06,Hippokampos,9551,1
2014-01-06,Jack's Magical Beans,2463,1
2014-01-06,Jack's Magical Beans,6899,1
2014-01-06,Jack's Magical Beans,8156,1
2014-01-06,Jack's Magical Beans,9241,1
2014-01-06,Kalami Kafenion,1321,1
2014-01-06,Kalami Kafenion,3484,1
2014-01-06,Kalami Kafenion,4434,1
2014-01-06,Kalami Kafenion,5407,1
2014-01-06,Kalami Kafenion,7117,1
2014-01-06,Kalami Kafenion,8129,1
2014-01-06,Katerina’s Café,1874,2
2014-01-06,Katerina’s Café,2142,1
2014-01-06,Katerina’s Café,2418,1
2014-01-06,Katerina’s Café,3492,1
2014-01-06,Katerina’s Café,3853,1
2014-01-06,Katerina’s Café,4948,1
2014-01-06,Katerina’s Café,5921,1
2014-01-06,Katerina’s Café,6691,1
2014-01-06,Katerina’s Café,6899,1
2014-01-06,Katerina’s Café,6901,1
2014-01-06,Katerina’s Café,7253,1
2014-01-06,Katerina’s Café,8129,1
2014-01-06,Katerina’s Café,8332,1
2014-01-06,Katerina’s Café,8411,2
2014-01-06,Katerina’s Café,9405,1
2014-01-06,Katerina’s Café,9617,2
2014-01-06,Kronos Pipe and Irrigation,9220,1
2014-01-06,Maximum Iron and Steel,9220,1
2014-01-06,Nationwide Refinery,9735,1
2014-01-06,Ouzeri Elian,2540,1
2014-01-06,Ouzeri Elian,5368,1
2014-01-06,Ouzeri Elian,5921,1
2014-01-06,Ouzeri Elian,6816,1
2014-01-06,Ouzeri Elian,6895,1
2014-01-06,Shoppers' Delight,7354,1
2014-01-06,Stewart and Sons Fabrication,9735,1
2014-01-06,U-Pump,3484,1
2014-01-07,Abila Airport,3506,1
2014-01-07,Abila Airport,8642,2
2014-01-07,Abila Scrapyard,2276,1
2014-01-07,Abila Zacharo,1415,1
2014-01-07,Abila Zacharo,2418,1
2014-01-07,Abila Zacharo,6899,1
2014-01-07,Abila Zacharo,7688,1
2014-01-07,Abila Zacharo,7819,1
2014-01-07,Abila Zacharo,9683,1
2014-01-07,Albert's Fine Clothing,6895,1
2014-01-07,Albert's Fine Clothing,7117,1
2014-01-07,Bean There Done That,1321,1
2014-01-07,Bean There Done That,1415,1
2014-01-07,Bean There Done That,1877,1
2014-01-07,Bean There Done That,6895,1
2014-01-07,Brew've Been Served,1286,1
2014-01-07,Brew've Been Served,3484,1
2014-01-07,Brew've Been Served,4434,1
2014-01-07,Brew've Been Served,4795,1
2014-01-07,Brew've Been Served,4948,1
2014-01-07,Brew've Been Served,5368,1
2014-01-07,Brew've Been Served,5407,1
2014-01-07,Brew've Been Served,6816,1
2014-01-07,Brew've Been Served,6901,1
2014-01-07,Brew've Been Served,7384,1
2014-01-07,Brew've Been Served,7819,1
2014-01-07,Brew've Been Served,8202,1
2014-01-07,Brew've Been Served,8411,1
2014-01-07,Brew've Been Served,9405,1
2014-01-07,Brew've Been Served,9683,1
2014-01-07,Brewed Awakenings,2540,1
2014-01-07,Brewed Awakenings,3853,1
2014-01-07,Brewed Awakenings,7688,1
2014-01-07,Brewed Awakenings,8332,1
2014-01-07,Carlyle Chemical Inc.,7792,1
2014-01-07,Coffee Cameleon,2142,1
2014-01-07,Coffee Cameleon,2418,1
2014-01-07,Coffee Cameleon,5921,1
2014-01-07,Coffee Cameleon,7253,1
2014-01-07,Coffee Shack,7117,1
2014-01-07,Frydos Autosupply n' More,6901,1
2014-01-07,Gelatogalore,1310,1
2014-01-07,Gelatogalore,1874,1
2014-01-07,Gelatogalore,2463,1
2014-01-07,Gelatogalore,2681,1
2014-01-07,Gelatogalore,5921,1
2014-01-07,Gelatogalore,6691,1
2014-01-07,Gelatogalore,7253,1
2014-01-07,Gelatogalore,8332,1
2014-01-07,Gelatogalore,9405,1
2014-01-07,Gelatogalore,9551,1
2014-01-07,Guy's Gyros,3484,1
2014-01-07,Guy's Gyros,3853,1
2014-01-07,Guy's Gyros,4795,1
2014-01-07,Guy's Gyros,5368,1
2014-01-07,Guy's Gyros,6816,1
2014-01-07,Guy's Gyros,7354,2
2014-01-07,Guy's Gyros,7384,1
2014-01-07,Guy's Gyros,7819,1
2014-01-07,Guy's Gyros,8156,1
2014-01-07,Guy's Gyros,9617,1
2014-01-07,Guy's Gyros,9635,1
2014-01-07,Guy's Gyros,9683,1
2014-01-07,Hallowed Grounds,1310,1
2014-01-07,Hallowed Grounds,1874,1
2014-01-07,Hallowed Grounds,2681,1
2014-01-07,Hallowed Grounds,3492,1
2014-01-07,Hallowed Grounds,6691,1
2014-01-07,Hallowed Grounds,7108,1
2014-01-07,Hallowed Grounds,7889,1
2014-01-07,Hallowed Grounds,8129,1
2014-01-07,Hallowed Grounds,9551,1
2014-01-07,Hallowed Grounds,9617,1
2014-01-07,Hippokampos,1321,1
2014-01-07,Hippokampos,1415,1
2014-01-07,Hippokampos,1877,1
2014-01-07,Hippokampos,2463,1
2014-01-07,Hippokampos,2540,1
2014-01-07,Hippokampos,3492,1
2014-01-07,Hippokampos,3853,1
2014-01-07,Hippokampos,7688,1
2014-01-07,Hippokampos,8129,1
2014-01-07,Hippokampos,8156,1
2014-01-07,Hippokampos,8332,1
2014-01-07,Jack's Magical Beans,2463,1
2014-01-07,Jack's Magical Beans,6899,1
2014-01-07,Jack's Magical Beans,8156,1
2014-01-07,Jack's Magical Beans,9241,1
2014-01-07,Kalami Kafenion,1286,1
2014-01-07,Kalami Kafenion,1877,1
2014-01-07,Kalami Kafenion,4795,1
2014-01-07,Kalami Kafenion,5407,1
2014-01-07,Kalami Kafenion,7108,1
2014-01-07,Katerina’s Café,1310,1
2014-01-07,Katerina’s Café,1874,1
2014-01-07,Katerina’s Café,2142,1
2014-01-07,Katerina’s Café,3484,1
2014-01-07,Katerina’s Café,3492,1
2014-01-07,Katerina’s Café,4434,1
2014-01-07,Katerina’s Café,5921,1
2014-01-07,Katerina’s Café,6691,1
2014-01-07,Katerina’s Café,7253,1
2014-01-07,Katerina’s Café,7792,1
2014-01-07,Katerina’s Café,7889,2
2014-01-07,Katerina’s Café,8202,2
2014-01-07,Katerina’s Café,8411,1
2014-01-07,Katerina’s Café,9405,1
2014-01-07,Katerina’s Café,9617,1
2014-01-07,Kronos Pipe and Irrigation,4530,1
2014-01-07,Maximum Iron and Steel,4530,1
2014-01-07,Nationwide Refinery,2276,1
2014-01-07,Nationwide Refinery,3506,1
2014-01-07,Nationwide Refinery,7792,1
2014-01-07,Nationwide Refinery,9735,1
2014-01-07,Ouzeri Elian,1321,1
2014-01-07,Ouzeri Elian,2142,1
2014-01-07,Ouzeri Elian,2681,1
2014-01-07,Ouzeri Elian,4948,1
2014-01-07,Ouzeri Elian,5368,1
2014-01-07,Ouzeri Elian,6895,1
2014-01-07,Ouzeri Elian,6901,1
2014-01-07,Ouzeri Elian,8411,1
2014-01-07,Ouzeri Elian,9241,1
2014-01-07,Stewart and Sons Fabrication,2276,1
2014-01-07,Stewart and Sons Fabrication,3506,1
2014-01-07,Stewart and Sons Fabrication,9735,1
2014-01-08,Abila Airport,8642,2
2014-01-08,Abila Zacharo,1415,1
2014-01-08,Abila Zacharo,2463,1
2014-01-08,Abila Zacharo,2681,1
2014-01-08,Abila Zacharo,5407,1
2014-01-08,Abila Zacharo,6901,1
2014-01-08,Abila Zacharo,9617,1
2014-01-08,Albert's Fine Clothing,9635,1
2014-01-08,Bean There Done That,1321,1
2014-01-08,Bean There Done That,1415,1
2014-01-08,Bean There Done That,1877,1
2014-01-08,Bean There Done That,9635,1
2014-01-08,Brew've Been Served,1286,1
2014-01-08,Brew've Been Served,3484,1
2014-01-08,Brew've Been Served,3853,1
2014-01-08,Brew've Been Served,4434,1
2014-01-08,Brew've Been Served,4795,1
2014-01-08,Brew've Been Served,4948,1
2014-01-08,Brew've Been Served,5368,1
2014-01-08,Brew've Been Served,5407,1
2014-01-08,Brew've Been Served,6816,1
2014-01-08,Brew've Been Served,6901,1
2014-01-08,Brew've Been Served,7354,1
2014-01-08,Brew've Been Served,7384,1
2014-01-08,Brew've Been Served,7819,1
2014-01-08,Brew've Been Served,8202,1
2014-01-08,Brew've Been Served,8411,1
2014-01-08,Brew've Been Served,9405,1
2014-01-08,Brew've Been Served,9683,1
2014-01-08,Brewed Awakenings,2540,1
2014-01-08,Brewed Awakenings,7688,1
2014-01-08,Brewed Awakenings,8332,1
2014-01-08,Carlyle Chemical Inc.,4530,1
2014-01-08,Carlyle Chemical Inc.,7792,2
2014-01-08,Chostus Hotel,2540,1
2014-01-08,Chostus Hotel,9683,1
2014-01-08,Coffee Cameleon,2142,1
2014-01-08,Coffee Cameleon,2418,1
2014-01-08,Coffee Cameleon,5921,1
2014-01-08,Coffee Cameleon,7253,1
2014-01-08,Coffee Shack,7117,1
2014-01-08,Frank's Fuel,3853,1
2014-01-08,Frydos Autosupply n' More,2418,1
2014-01-08,Frydos Autosupply n' More,3853,1
2014-01-08,Frydos Autosupply n' More,6691,1
2014-01-08,Gelatogalore,1286,1
2014-01-08,Gelatogalore,2418,1
2014-01-08,Gelatogalore,3484,1
2014-01-08,Gelatogalore,4948,1
2014-01-08,Gelatogalore,7819,1
2014-01-08,Gelatogalore,7889,1
2014-01-08,Gelatogalore,8411,1
2014-01-08,Gelatogalore,9405,1
2014-01-08,General Grocer,7108,1
2014-01-08,Guy's Gyros,1874,1
2014-01-08,Guy's Gyros,3484,1
2014-01-08,Guy's Gyros,3853,1
2014-01-08,Guy's Gyros,4434,2
2014-01-08,Guy's Gyros,5368,1
2014-01-08,Guy's Gyros,6901,1
2014-01-08,Guy's Gyros,7354,1
2014-01-08,Guy's Gyros,7384,2
2014-01-08,Guy's Gyros,7819,1
2014-01-08,Guy's Gyros,9683,1
2014-01-08,Hallowed Grounds,1310,1
2014-01-08,Hallowed Grounds,1874,1
2014-01-08,Hallowed Grounds,2681,1
2014-01-08,Hallowed Grounds,3492,1
2014-01-08,Hallowed Grounds,6691,1
2014-01-08,Hallowed Grounds,7108,1
2014-01-08,Hallowed Grounds,7889,1
2014-01-08,Hallowed Grounds,8129,1
2014-01-08,Hallowed Grounds,9551,1
2014-01-08,Hallowed Grounds,9617,1
2014-01-08,Hippokampos,1321,1
2014-01-08,Hippokampos,1415,1
2014-01-08,Hippokampos,2463,1
2014-01-08,Hippokampos,2540,1
2014-01-08,Hippokampos,4795,1
2014-01-08,Hippokampos,6895,1
2014-01-08,Hippokampos,7117,1
2014-01-08,Hippokampos,7253,1
2014-01-08,Hippokampos,7688,1
2014-01-08,Hippokampos,8332,2
2014-01-08,Hippokampos,9551,1
2014-01-08,Hippokampos,9635,1
2014-01-08,Jack's Magical Beans,2463,1
2014-01-08,Jack's Magical Beans,6899,1
2014-01-08,Jack's Magical Beans,8156,1
2014-01-08,Jack's Magical Beans,9241,1
2014-01-08,Kalami Kafenion,3492,1
2014-01-08,Kalami Kafenion,5921,1
2014-01-08,Kalami Kafenion,6816,1
2014-01-08,Kalami Kafenion,7117,1
2014-01-08,Kalami Kafenion,7354,1
2014-01-08,Kalami Kafenion,8129,1
2014-01-08,Kalami Kafenion,8202,1
2014-01-08,Katerina’s Café,1310,2
2014-01-08,Katerina’s Café,1874,1
2014-01-08,Katerina’s Café,1877,1
2014-01-08,Katerina’s Café,2142,2
2014-01-08,Katerina’s Café,4948,1
2014-01-08,Katerina’s Café,5407,1
2014-01-08,Katerina’s Café,5921,1
2014-01-08,Katerina’s Café,6895,1
2014-01-08,Katerina’s Café,6899,1
2014-01-08,Katerina’s Café,7108,1
2014-01-08,Katerina’s Café,7792,1
2014-01-08,Katerina’s Café,7889,1
2014-01-08,Katerina’s Café,8202,1
2014-01-08,Katerina’s Café,8411,1
2014-01-08,Kronos Pipe and Irrigation,4530,1
2014-01-08,Maximum Iron and Steel,4530,1
2014-01-08,Nationwide Refinery,9152,1
2014-01-08,Nationwide Refinery,9735,1
2014-01-08,Ouzeri Elian,1286,1
2014-01-08,Ouzeri Elian,5368,1
2014-01-08,Ouzeri Elian,6899,1
2014-01-08,Ouzeri Elian,8156,1
2014-01-08,Ouzeri Elian,9551,1
2014-01-08,Stewart and Sons Fabrication,9152,1
2014-01-08,Stewart and Sons Fabrication,9735,1
2014-01-09,Abila Airport,2276,1
2014-01-09,Abila Airport,3506,1
2014-01-09,Abila Airport,8642,2
2014-01-09,Abila Scrapyard,2276,1
2014-01-09,Abila Zacharo,1286,1
2014-01-09,Abila Zacharo,1874,1
2014-01-09,Abila Zacharo,2463,1
2014-01-09,Abila Zacharo,3484,1
2014-01-09,Abila Zacharo,7819,1
2014-01-09,Abila Zacharo,9551,1
2014-01-09,Albert's Fine Clothing,7117,1
2014-01-09,Albert's Fine Clothing,8332,1
2014-01-09,Bean There Done That,1321,1
2014-01-09,Bean There Done That,1415,1
2014-01-09,Bean There Done That,1877,1
2014-01-09,Brew've Been Served,1286,1
2014-01-09,Brew've Been Served,3484,1
2014-01-09,Brew've Been Served,4434,1
2014-01-09,Brew've Been Served,4795,1
2014-01-09,Brew've Been Served,4948,1
2014-01-09,Brew've Been Served,5368,1
2014-01-09,Brew've Been Served,5407,1
2014-01-09,Brew've Been Served,6901,1
2014-01-09,Brew've Been Served,7354,1
2014-01-09,Brew've Been Served,7384,1
2014-01-09,Brew've Been Served,7819,1
2014-01-09,Brew've Been Served,8202,1
2014-01-09,Brew've Been Served,8411,1
2014-01-09,Brew've Been Served,9683,1
2014-01-09,Brewed Awakenings,2540,1
2014-01-09,Brewed Awakenings,7688,1
2014-01-09,Brewed Awakenings,8332,1
2014-01-09,Carlyle Chemical Inc.,4530,1
2014-01-09,Carlyle Chemical Inc.,7792,3
2014-01-09,Coffee Cameleon,2142,1
2014-01-09,Coffee Cameleon,5921,1
2014-01-09,Coffee Cameleon,7253,1
2014-01-09,Coffee Shack,7117,1
2014-01-09,Frydos Autosupply n' More,1321,1
2014-01-09,Frydos Autosupply n' More,3484,1
2014-01-09,Frydos Autosupply n' More,3853,1
2014-01-09,Frydos Autosupply n' More,6901,1
2014-01-09,Gelatogalore,2540,1
2014-01-09,Gelatogalore,2681,1
2014-01-09,Gelatogalore,4795,1
2014-01-09,Gelatogalore,5407,1
2014-01-09,Gelatogalore,6899,1
2014-01-09,Gelatogalore,7117,1
2014-01-09,Gelatogalore,8411,1
2014-01-09,Gelatogalore,9405,1
2014-01-09,General Grocer,4795,1
2014-01-09,Guy's Gyros,1286,1
2014-01-09,Guy's Gyros,1415,1
2014-01-09,Guy's Gyros,4434,1
2014-01-09,Guy's Gyros,5368,1
2014-01-09,Guy's Gyros,5921,1
2014-01-09,Guy's Gyros,6816,1
2014-01-09,Guy's Gyros,6901,1
2014-01-09,Guy's Gyros,7253,1
2014-01-09,Guy's Gyros,7354,2
2014-01-09,Guy's Gyros,7384,1
2014-01-09,Guy's Gyros,7889,2
2014-01-09,Guy's Gyros,8202,1
2014-01-09,Guy's Gyros,9617,1
2014-01-09,Hallowed Grounds,1310,1
2014-01-09,Hallowed Grounds,2681,1
2014-01-09,Hallowed Grounds,3492,1
2014-01-09,Hallowed Grounds,7108,1
2014-01-09,Hallowed Grounds,7889,1
2014-01-09,Hallowed Grounds,8129,1
2014-01-09,Hallowed Grounds,9405,1
2014-01-09,Hallowed Grounds,9551,1
2014-01-09,Hallowed Grounds,9617,1
2014-01-09,Hippokampos,1310,1
2014-01-09,Hippokampos,1321,1
2014-01-09,Hippokampos,1877,1
2014-01-09,Hippokampos,2142,1
2014-01-09,Hippokampos,2418,1
2014-01-09,Hippokampos,2463,1
2014-01-09,Hippokampos,2540,1
2014-01-09,Hippokampos,4434,1
2014-01-09,Hippokampos,5368,1
2014-01-09,Hippokampos,6895,1
2014-01-09,Hippokampos,8156,1
2014-01-09,Hippokampos,9635,2
2014-01-09,Hippokampos,9683,1
2014-01-09,Jack's Magical Beans,2463,1
2014-01-09,Jack's Magical Beans,3853,1
2014-01-09,Jack's Magical Beans,6899,1
2014-01-09,Jack's Magical Beans,8156,1
2014-01-09,Jack's Magical Beans,9241,1
2014-01-09,Kalami Kafenion,4948,1
2014-01-09,Kalami Kafenion,6691,1
2014-01-09,Kalami Kafenion,6895,1
2014-01-09,Kalami Kafenion,7384,1
2014-01-09,Kalami Kafenion,8129,1
2014-01-09,Katerina’s Café,1310,1
2014-01-09,Katerina’s Café,1877,1
2014-01-09,Katerina’s Café,2418,1
2014-01-09,Katerina’s Café,3492,1
2014-01-09,Katerina’s Café,3853,1
2014-01-09,Katerina’s Café,4948,1
2014-01-09,Katerina’s Café,5407,1
2014-01-09,Katerina’s Café,5921,1
2014-01-09,Katerina’s Café,6691,1
2014-01-09,Katerina’s Café,7253,1
2014-01-09,Katerina’s Café,7792,1
2014-01-09,Katerina’s Café,8129,1
2014-01-09,Katerina’s Café,8156,1
2014-01-09,Katerina’s Café,8202,1
2014-01-09,Katerina’s Café,9405,1
2014-01-09,Kronos Pipe and Irrigation,4530,1
2014-01-09,Maximum Iron and Steel,4530,1
2014-01-09,Nationwide Refinery,2276,1
2014-01-09,Nationwide Refinery,3506,1
2014-01-09,Nationwide Refinery,7792,1
2014-01-09,Nationwide Refinery,9735,1
2014-01-09,Ouzeri Elian,6816,1
2014-01-09,Ouzeri Elian,6899,1
2014-01-09,Ouzeri Elian,7108,1
2014-01-09,Ouzeri Elian,7688,1
2014-01-09,Ouzeri Elian,8332,1
2014-01-09,Ouzeri Elian,9241,1
2014-01-09,Shoppers' Delight,2681,1
2014-01-09,Stewart and Sons Fabrication,2276,1
2014-01-09,Stewart and Sons Fabrication,3506,1
2014-01-09,Stewart and Sons Fabrication,9735,1
2014-01-10,Abila Airport,9614,1
2014-01-10,Abila Zacharo,1310,1
2014-01-10,Abila Zacharo,1874,1
2014-01-10,Abila Zacharo,2681,1
2014-01-10,Abila Zacharo,3492,1
2014-01-10,Abila Zacharo,6691,1
2014-01-10,Abila Zacharo,6899,1
2014-01-10,Abila Zacharo,7819,1
2014-01-10,Albert's Fine Clothing,6895,1
2014-01-10,Bean There Done That,1321,1
2014-01-10,Bean There Done That,1415,1
2014-01-10,Bean There Done That,1877,1
2014-01-10,Bean There Done That,6895,1
2014-01-10,Bean There Done That,9635,1
2014-01-10,Brew've Been Served,1286,1
2014-01-10,Brew've Been Served,3484,1
2014-01-10,Brew've Been Served,3853,1
2014-01-10,Brew've Been Served,4434,1
2014-01-10,Brew've Been Served,4795,1
2014-01-10,Brew've Been Served,4948,1
2014-01-10,Brew've Been Served,5368,1
2014-01-10,Brew've Been Served,5407,1
2014-01-10,Brew've Been Served,6816,1
2014-01-10,Brew've Been Served,6901,1
2014-01-10,Brew've Been Served,7354,1
2014-01-10,Brew've Been Served,7384,1
2014-01-10,Brew've Been Served,7819,1
2014-01-10,Brew've Been Served,8202,1
2014-01-10,Brew've Been Served,8411,1
2014-01-10,Brew've Been Served,9405,1
2014-01-10,Brew've Been Served,9683,1
2014-01-10,Brewed Awakenings,2540,1
2014-01-10,Brewed Awakenings,7688,1
2014-01-10,Brewed Awakenings,8332,1
2014-01-10,Carlyle Chemical Inc.,9614,1
2014-01-10,Chostus Hotel,2540,1
2014-01-10,Chostus Hotel,9683,1
2014-01-10,Coffee Cameleon,2142,1
2014-01-10,Coffee Cameleon,2418,1
2014-01-10,Coffee Cameleon,5921,1
2014-01-10,Coffee Cameleon,7253,1
2014-01-10,Frydos Autosupply n' More,7384,1
2014-01-10,Frydos Autosupply n' More,7889,1
2014-01-10,Frydos Autosupply n' More,8202,1
2014-01-10,Gelatogalore,1415,1
2014-01-10,Gelatogalore,8202,1
2014-01-10,General Grocer,4434,1
2014-01-10,Guy's Gyros,1321,1
2014-01-10,Guy's Gyros,3853,1
2014-01-10,Guy's Gyros,4795,1
2014-01-10,Guy's Gyros,5368,1
2014-01-10,Guy's Gyros,6816,2
2014-01-10,Guy's Gyros,6901,1
2014-01-10,Guy's Gyros,7108,1
2014-01-10,Guy's Gyros,7253,1
2014-01-10,Guy's Gyros,7384,1
2014-01-10,Guy's Gyros,8129,1
2014-01-10,Guy's Gyros,8156,1
2014-01-10,Guy's Gyros,8411,1
2014-01-10,Guy's Gyros,9635,1
2014-01-10,Hallowed Grounds,1310,1
2014-01-10,Hallowed Grounds,1874,1
2014-01-10,Hallowed Grounds,2681,1
2014-01-10,Hallowed Grounds,3492,1
2014-01-10,Hallowed Grounds,6691,1
2014-01-10,Hallowed Grounds,7108,1
2014-01-10,Hallowed Grounds,7889,1
2014-01-10,Hallowed Grounds,8129,1
2014-01-10,Hallowed Grounds,9617,1
2014-01-10,Hippokampos,1415,1
2014-01-10,Hippokampos,2463,2
2014-01-10,Hippokampos,4795,1
2014-01-10,Hippokampos,4948,1
2014-01-10,Hippokampos,6901,1
2014-01-10,Hippokampos,7117,2
2014-01-10,Hippokampos,7688,1
2014-01-10,Hippokampos,8156,1
2014-01-10,Hippokampos,8332,1
2014-01-10,Jack's Magical Beans,2463,1
2014-01-10,Jack's Magical Beans,6899,1
2014-01-10,Jack's Magical Beans,8156,1
2014-01-10,Jack's Magical Beans,9241,1
2014-01-10,Kalami Kafenion,3484,1
2014-01-10,Kalami Kafenion,4434,1
2014-01-10,Kalami Kafenion,5407,1
2014-01-10,Kalami Kafenion,9241,1
2014-01-10,Katerina’s Café,2142,1
2014-01-10,Katerina’s Café,2418,1
2014-01-10,Katerina’s Café,5407,1
2014-01-10,Katerina’s Café,5921,1
2014-01-10,Katerina’s Café,6895,1
2014-01-10,Katerina’s Café,7108,1
2014-01-10,Katerina’s Café,7354,1
2014-01-10,Katerina’s Café,7688,1
2014-01-10,Katerina’s Café,8129,1
2014-01-10,Katerina’s Café,8411,1
2014-01-10,Katerina’s Café,9405,1
2014-01-10,Kronos Mart,7688,1
2014-01-10,Nationwide Refinery,9614,1
2014-01-10,Nationwide Refinery,9735,1
2014-01-10,Octavio's Office Supplies,4795,1
2014-01-10,Octavio's Office Supplies,7253,1
2014-01-10,Ouzeri Elian,1877,1
2014-01-10,Ouzeri Elian,3853,1
2014-01-10,Ouzeri Elian,5368,1
2014-01-10,Ouzeri Elian,6899,1
2014-01-10,Ouzeri Elian,9405,1
2014-01-10,Ouzeri Elian,9551,1
2014-01-10,Ouzeri Elian,9617,1
2014-01-10,Roberts and Sons,7354,1
2014-01-10,Shoppers' Delight,7819,1
2014-01-10,Stewart and Sons Fabrication,9614,1
2014-01-10,Stewart and Sons Fabrication,9735,1
2014-01-11,Abila Zacharo,1310,1
2014-01-11,Abila Zacharo,2540,1
2014-01-11,Abila Zacharo,6901,1
2014-01-11,Abila Zacharo,7253,1
2014-01-11,Ahaggo Museum,4795,1
2014-01-11,Ahaggo Museum,9683,1
2014-01-11,Albert's Fine Clothing,4434,1
2014-01-11,Albert's Fine Clothing,8156,1
2014-01-11,Frydos Autosupply n' More,5407,1
2014-01-11,Frydos Autosupply n' More,6901,1
2014-01-11,Frydos Autosupply n' More,7688,1
2014-01-11,Frydos Autosupply n' More,8129,1
2014-01-11,Gelatogalore,3853,1
2014-01-11,Gelatogalore,9617,1
2014-01-11,General Grocer,8129,1
2014-01-11,Guy's Gyros,5368,1
2014-01-11,Guy's Gyros,6816,1
2014-01-11,Guy's Gyros,7354,1
2014-01-11,Guy's Gyros,7384,1
2014-01-11,Hippokampos,1415,1
2014-01-11,Hippokampos,1877,1
2014-01-11,Hippokampos,4434,1
2014-01-11,Hippokampos,4795,1
2014-01-11,Hippokampos,6691,1
2014-01-11,Hippokampos,7117,1
2014-01-11,Hippokampos,7688,2
2014-01-11,Hippokampos,8332,1
2014-01-11,Hippokampos,9551,1
2014-01-11,Hippokampos,9635,1
2014-01-11,Hippokampos,9683,1
2014-01-11,Kalami Kafenion,1286,1
2014-01-11,Kalami Kafenion,7108,2
2014-01-11,Kalami Kafenion,7117,1
2014-01-11,Kalami Kafenion,7819,1
2014-01-11,Katerina’s Café,1310,1
2014-01-11,Katerina’s Café,1321,1
2014-01-11,Katerina’s Café,1874,1
2014-01-11,Katerina’s Café,2142,2
2014-01-11,Katerina’s Café,2418,2
2014-01-11,Katerina’s Café,2540,1
2014-01-11,Katerina’s Café,3484,1
2014-01-11,Katerina’s Café,4948,1
2014-01-11,Katerina’s Café,6691,1
2014-01-11,Katerina’s Café,6895,1
2014-01-11,Katerina’s Café,7889,1
2014-01-11,Katerina’s Café,8156,1
2014-01-11,Katerina’s Café,8202,1
2014-01-11,Katerina’s Café,8411,1
2014-01-11,Katerina’s Café,9405,1
2014-01-11,Katerina’s Café,9617,1
2014-01-11,Ouzeri Elian,2681,1
2014-01-11,Ouzeri Elian,6899,1
2014-01-11,Ouzeri Elian,8129,1
2014-01-11,Roberts and Sons,1310,1
2014-01-11,Shoppers' Delight,2418,1
2014-01-11,Shoppers' Delight,9551,1
2014-01-11,Shoppers' Delight,9617,1
2014-01-12,Abila Zacharo,9683,1
2014-01-12,Ahaggo Museum,6901,1
2014-01-12,Albert's Fine Clothing,1877,1
2014-01-12,Albert's Fine Clothing,2142,1
2014-01-12,Desafio Golf Course,2463,1
2014-01-12,Desafio Golf Course,7688,1
2014-01-12,Desafio Golf Course,8332,1
2014-01-12,Frydos Autosupply n' More,5368,1
2014-01-12,Frydos Autosupply n' More,8202,1
2014-01-12,Gelatogalore,1286,2
2014-01-12,General Grocer,7117,1
2014-01-12,Guy's Gyros,3853,1
2014-01-12,Guy's Gyros,6901,1
2014-01-12,Guy's Gyros,7108,1
2014-01-12,Guy's Gyros,7354,1
2014-01-12,Guy's Gyros,8129,1
2014-01-12,Hippokampos,1321,1
2014-01-12,Hippokampos,1415,1
2014-01-12,Hippokampos,1874,1
2014-01-12,Hippokampos,2142,1
2014-01-12,Hippokampos,2540,1
2014-01-12,Hippokampos,6895,1
2014-01-12,Hippokampos,7117,1
2014-01-12,Hippokampos,7688,1
2014-01-12,Hippokampos,7889,1
2014-01-12,Hippokampos,8156,1
2014-01-12,Hippokampos,8332,1
2014-01-12,Hippokampos,9551,1
2014-01-12,Hippokampos,9635,1
2014-01-12,Kalami Kafenion,2540,1
2014-01-12,Kalami Kafenion,3492,1
2014-01-12,Katerina’s Café,1874,1
2014-01-12,Katerina’s Café,2142,1
2014-01-12,Katerina’s Café,3492,1
2014-01-12,Katerina’s Café,3547,1
2014-01-12,Katerina’s Café,4948,1
2014-01-12,Katerina’s Café,5407,1
2014-01-12,Katerina’s Café,7253,1
2014-01-12,Katerina’s Café,7889,1
2014-01-12,Katerina’s Café,8129,1
2014-01-12,Katerina’s Café,8411,1
2014-01-12,Katerina’s Café,9405,1
2014-01-12,Kronos Mart,8156,1
2014-01-12,Ouzeri Elian,1310,1
2014-01-12,Ouzeri Elian,5407,1
2014-01-12,Ouzeri Elian,6899,1
2014-01-12,Ouzeri Elian,7819,1
2014-01-12,Ouzeri Elian,8156,1
2014-01-12,Ouzeri Elian,8332,1
2014-01-12,Shoppers' Delight,1286,1
2014-01-12,Shoppers' Delight,1310,1
2014-01-12,Shoppers' Delight,3547,1
2014-01-12,Shoppers' Delight,7384,1
2014-01-12,Shoppers' Delight,7819,1
2014-01-13,Abila Airport,8642,2
2014-01-13,Abila Airport,9220,1
2014-01-13,Abila Zacharo,1286,1
2014-01-13,Abila Zacharo,1321,1
2014-01-13,Abila Zacharo,3853,1
2014-01-13,Abila Zacharo,6816,1
2014-01-13,Abila Zacharo,7819,1
2014-01-13,Abila Zacharo,9635,1
2014-01-13,Abila Zacharo,9683,1
2014-01-13,Albert's Fine Clothing,1321,1
2014-01-13,Albert's Fine Clothing,7688,1
2014-01-13,Bean There Done That,1321,1
2014-01-13,Bean There Done That,1415,1
2014-01-13,Bean There Done That,1874,1
2014-01-13,Bean There Done That,1877,1
2014-01-13,Bean There Done That,6895,1
2014-01-13,Bean There Done That,9617,1
2014-01-13,Bean There Done That,9635,1
2014-01-13,Brew've Been Served,1286,1
2014-01-13,Brew've Been Served,3484,1
2014-01-13,Brew've Been Served,4434,1
2014-01-13,Brew've Been Served,4795,1
2014-01-13,Brew've Been Served,4948,1
2014-01-13,Brew've Been Served,5368,1
2014-01-13,Brew've Been Served,5407,1
2014-01-13,Brew've Been Served,6816,1
2014-01-13,Brew've Been Served,6901,1
2014-01-13,Brew've Been Served,7354,1
2014-01-13,Brew've Been Served,7384,1
2014-01-13,Brew've Been Served,7819,1
2014-01-13,Brew've Been Served,8202,1
2014-01-13,Brew've Been Served,8411,1
2014-01-13,Brew've Been Served,9683,1
2014-01-13,Brewed Awakenings,2540,1
2014-01-13,Brewed Awakenings,7688,1
2014-01-13,Brewed Awakenings,8332,1
2014-01-13,Carlyle Chemical Inc.,9220,1
2014-01-13,Coffee Cameleon,2142,1
2014-01-13,Coffee Cameleon,2418,1
2014-01-13,Coffee Cameleon,3547,1
2014-01-13,Coffee Cameleon,7253,1
2014-01-13,Coffee Shack,7117,1
2014-01-13,Daily Dealz,9551,1
2014-01-13,Frydos Autosupply n' More,2418,1
2014-01-13,Frydos Autosupply n' More,8129,1
2014-01-13,Frydos Autosupply n' More,8411,1
2014-01-13,Frydos Autosupply n' More,9551,1
2014-01-13,Gelatogalore,1415,1
2014-01-13,Gelatogalore,2681,1
2014-01-13,Gelatogalore,8156,1
2014-01-13,Gelatogalore,8202,1
2014-01-13,Gelatogalore,8332,1
2014-01-13,Guy's Gyros,1286,1
2014-01-13,Guy's Gyros,2142,1
2014-01-13,Guy's Gyros,2463,1
2014-01-13,Guy's Gyros,2540,1
2014-01-13,Guy's Gyros,4795,1
2014-01-13,Guy's Gyros,5368,1
2014-01-13,Guy's Gyros,6901,1
2014-01-13,Guy's Gyros,7108,1
2014-01-13,Guy's Gyros,7117,1
2014-01-13,Guy's Gyros,7354,1
2014-01-13,Guy's Gyros,7384,1
2014-01-13,Guy's Gyros,7819,1
2014-01-13,Guy's Gyros,8129,1
2014-01-13,Guy's Gyros,8411,1
2014-01-13,Guy's Gyros,9683,1
2014-01-13,Hallowed Grounds,1310,1
2014-01-13,Hallowed Grounds,2681,1
2014-01-13,Hallowed Grounds,3492,1
2014-01-13,Hallowed Grounds,6691,1
2014-01-13,Hallowed Grounds,7108,1
2014-01-13,Hallowed Grounds,7889,1
2014-01-13,Hallowed Grounds,9405,1
2014-01-13,Hippokampos,1415,1
2014-01-13,Hippokampos,2463,1
2014-01-13,Hippokampos,4434,1
2014-01-13,Hippokampos,4948,1
2014-01-13,Hippokampos,7117,1
2014-01-13,Hippokampos,7253,1
2014-01-13,Hippokampos,7354,1
2014-01-13,Hippokampos,7384,1
2014-01-13,Hippokampos,8156,1
2014-01-13,Hippokampos,8332,1
2014-01-13,Hippokampos,9551,1
2014-01-13,Hippokampos,9617,1
2014-01-13,Jack's Magical Beans,2463,1
2014-01-13,Jack's Magical Beans,6899,1
2014-01-13,Jack's Magical Beans,8156,1
2014-01-13,Jack's Magical Beans,9241,1
2014-01-13,Kalami Kafenion,5368,1
2014-01-13,Katerina’s Café,1310,1
2014-01-13,Katerina’s Café,1874,2
2014-01-13,Katerina’s Café,2142,1
2014-01-13,Katerina’s Café,2418,1
2014-01-13,Katerina’s Café,3492,1
2014-01-13,Katerina’s Café,3547,2
2014-01-13,Katerina’s Café,5407,1
2014-01-13,Katerina’s Café,6691,1
2014-01-13,Katerina’s Café,6899,1
2014-01-13,Katerina’s Café,7253,1
2014-01-13,Katerina’s Café,7889,1
2014-01-13,Katerina’s Café,9405,2
2014-01-13,Kronos Mart,5407,1
2014-01-13,Kronos Mart,6816,1
2014-01-13,Kronos Pipe and Irrigation,9220,1
2014-01-13,Maximum Iron and Steel,9220,1
2014-01-13,Nationwide Refinery,9735,1
2014-01-13,Ouzeri Elian,1310,1
2014-01-13,Ouzeri Elian,1877,1
2014-01-13,Ouzeri Elian,2681,1
2014-01-13,Ouzeri Elian,4795,1
2014-01-13,Ouzeri Elian,9220,1
2014-01-13,Ouzeri Elian,9551,1
2014-01-13,Shoppers' Delight,3853,1
2014-01-13,Shoppers' Delight,6901,1
2014-01-13,U-Pump,9551,1
2014-01-14,Abila Airport,2276,1
2014-01-14,Abila Airport,8642,2
2014-01-14,Abila Scrapyard,2276,1
2014-01-14,Abila Zacharo,1310,1
2014-01-14,Abila Zacharo,4434,1
2014-01-14,Abila Zacharo,6816,1
2014-01-14,Abila Zacharo,8411,1
2014-01-14,Abila Zacharo,9405,1
2014-01-14,Albert's Fine Clothing,3484,1
2014-01-14,Albert's Fine Clothing,9635,1
2014-01-14,Bean There Done That,1321,1
2014-01-14,Bean There Done That,1415,1
2014-01-14,Bean There Done That,1877,1
2014-01-14,Bean There Done That,6895,1
2014-01-14,Bean There Done That,9635,1
2014-01-14,Brew've Been Served,1286,1
2014-01-14,Brew've Been Served,3484,1
2014-01-14,Brew've Been Served,3853,1
2014-01-14,Brew've Been Served,4795,1
2014-01-14,Brew've Been Served,4948,1
2014-01-14,Brew've Been Served,5368,1
2014-01-14,Brew've Been Served,5407,1
2014-01-14,Brew've Been Served,6816,1
2014-01-14,Brew've Been Served,6901,1
2014-01-14,Brew've Been Served,7354,1
2014-01-14,Brew've Been Served,7384,1
2014-01-14,Brew've Been Served,7819,1
2014-01-14,Brew've Been Served,8202,1
2014-01-14,Brew've Been Served,8411,1
2014-01-14,Brew've Been Served,9405,1
2014-01-14,Brew've Been Served,9683,1
2014-01-14,Brewed Awakenings,2540,1
2014-01-14,Brewed Awakenings,7688,1
2014-01-14,Brewed Awakenings,8332,1
2014-01-14,Carlyle Chemical Inc.,7792,3
2014-01-14,Chostus Hotel,2540,1
2014-01-14,Chostus Hotel,9683,1
2014-01-14,Coffee Cameleon,2142,1
2014-01-14,Coffee Cameleon,2418,1
2014-01-14,Coffee Cameleon,3547,1
2014-01-14,Coffee Cameleon,7253,1
2014-01-14,Coffee Shack,7117,1
2014-01-14,Frydos Autosupply n' More,4434,1
2014-01-14,Frydos Autosupply n' More,4948,1
2014-01-14,Frydos Autosupply n' More,6901,1
2014-01-14,Gelatogalore,1877,1
2014-01-14,Gelatogalore,2142,1
2014-01-14,Gelatogalore,2463,1
2014-01-14,Gelatogalore,5368,1
2014-01-14,Gelatogalore,7384,1
2014-01-14,Gelatogalore,8129,1
2014-01-14,Guy's Gyros,1286,1
2014-01-14,Guy's Gyros,1415,1
2014-01-14,Guy's Gyros,1874,1
2014-01-14,Guy's Gyros,3853,1
2014-01-14,Guy's Gyros,4795,1
2014-01-14,Guy's Gyros,5368,1
2014-01-14,Guy's Gyros,6816,1
2014-01-14,Guy's Gyros,7108,1
2014-01-14,Guy's Gyros,7354,1
2014-01-14,Guy's Gyros,7384,1
2014-01-14,Guy's Gyros,7819,1
2014-01-14,Guy's Gyros,9617,1
2014-01-14,Hallowed Grounds,1310,1
2014-01-14,Hallowed Grounds,1874,1
2014-01-14,Hallowed Grounds,2681,1
2014-01-14,Hallowed Grounds,3492,1
2014-01-14,Hallowed Grounds,6691,1
2014-01-14,Hallowed Grounds,7108,1
2014-01-14,Hallowed Grounds,7889,1
2014-01-14,Hallowed Grounds,8129,1
2014-01-14,Hallowed Grounds,9617,1
2014-01-14,Hippokampos,1415,1
2014-01-14,Hippokampos,2463,1
2014-01-14,Hippokampos,2540,1
2014-01-14,Hippokampos,3853,1
2014-01-14,Hippokampos,6895,1
2014-01-14,Hippokampos,6901,1
2014-01-14,Hippokampos,7253,1
2014-01-14,Hippokampos,7688,1
2014-01-14,Hippokampos,7889,1
2014-01-14,Hippokampos,8202,1
2014-01-14,Hippokampos,8332,1
2014-01-14,Jack's Magical Beans,8156,1
2014-01-14,Jack's Magical Beans,9241,1
2014-01-14,Kalami Kafenion,1321,1
2014-01-14,Kalami Kafenion,3492,1
2014-01-14,Kalami Kafenion,4948,1
2014-01-14,Kalami Kafenion,5407,1
2014-01-14,Kalami Kafenion,8332,1
2014-01-14,Kalami Kafenion,9635,1
2014-01-14,Katerina’s Café,1874,1
2014-01-14,Katerina’s Café,3492,1
2014-01-14,Katerina’s Café,3547,2
2014-01-14,Katerina’s Café,4795,1
2014-01-14,Katerina’s Café,5407,1
2014-01-14,Katerina’s Café,6691,1
2014-01-14,Katerina’s Café,6895,1
2014-01-14,Katerina’s Café,7354,1
2014-01-14,Katerina’s Café,7792,1
2014-01-14,Katerina’s Café,7819,1
2014-01-14,Katerina’s Café,7889,1
2014-01-14,Katerina’s Café,8129,1
2014-01-14,Katerina’s Café,8156,1
2014-01-14,Katerina’s Café,8202,1
2014-01-14,Katerina’s Café,8411,1
2014-01-14,Katerina’s Café,9617,1
2014-01-14,Kronos Mart,6899,1
2014-01-14,Nationwide Refinery,2276,1
2014-01-14,Nationwide Refinery,3506,1
2014-01-14,Nationwide Refinery,7792,1
2014-01-14,Nationwide Refinery,9735,1
2014-01-14,Octavio's Office Supplies,6816,1
2014-01-14,Ouzeri Elian,2681,2
2014-01-14,Ouzeri Elian,3484,1
2014-01-14,Ouzeri Elian,6899,2
2014-01-14,Ouzeri Elian,7108,1
2014-01-14,Ouzeri Elian,7117,1
2014-01-14,Ouzeri Elian,9241,1
2014-01-14,Roberts and Sons,9405,1
2014-01-14,Stewart and Sons Fabrication,3506,1
2014-01-14,Stewart and Sons Fabrication,9735,1
2014-01-15,Abila Airport,8642,2
2014-01-15,Abila Zacharo,3492,1
2014-01-15,Abila Zacharo,3547,1
2014-01-15,Abila Zacharo,4948,1
2014-01-15,Abila Zacharo,7384,1
2014-01-15,Abila Zacharo,7688,1
2014-01-15,Abila Zacharo,7889,1
2014-01-15,Abila Zacharo,9635,1
2014-01-15,Albert's Fine Clothing,7117,1
2014-01-15,Bean There Done That,1321,1
2014-01-15,Bean There Done That,1877,1
2014-01-15,Bean There Done That,6895,1
2014-01-15,Bean There Done That,9635,1
2014-01-15,Brew've Been Served,1286,1
2014-01-15,Brew've Been Served,3484,1
2014-01-15,Brew've Been Served,3853,1
2014-01-15,Brew've Been Served,4434,1
2014-01-15,Brew've Been Served,4795,1
2014-01-15,Brew've Been Served,4948,1
2014-01-15,Brew've Been Served,5368,1
2014-01-15,Brew've Been Served,5407,1
2014-01-15,Brew've Been Served,6816,1
2014-01-15,Brew've Been Served,6901,1
2014-01-15,Brew've Been Served,7354,1
2014-01-15,Brew've Been Served,7384,1
2014-01-15,Brew've Been Served,7819,1
2014-01-15,Brew've Been Served,8202,1
2014-01-15,Brew've Been Served,8411,1
2014-01-15,Brew've Been Served,9405,1
2014-01-15,Brew've Been Served,9683,1
2014-01-15,Brewed Awakenings,2540,1
2014-01-15,Brewed Awakenings,8332,1
2014-01-15,Carlyle Chemical Inc.,7792,3
2014-01-15,Coffee Cameleon,2142,1
2014-01-15,Coffee Cameleon,2418,1
2014-01-15,Coffee Cameleon,3547,1
2014-01-15,Coffee Cameleon,7253,1
2014-01-15,Frydos Autosupply n' More,1874,1
2014-01-15,Frydos Autosupply n' More,2540,1
2014-01-15,Frydos Autosupply n' More,4948,1
2014-01-15,Frydos Autosupply n' More,9683,1
2014-01-15,Gelatogalore,2463,1
2014-01-15,Gelatogalore,2681,1
2014-01-15,Gelatogalore,3853,1
2014-01-15,Gelatogalore,7117,1
2014-01-15,Gelatogalore,7819,1
2014-01-15,General Grocer,7819,1
2014-01-15,Guy's Gyros,1286,1
2014-01-15,Guy's Gyros,1415,1
2014-01-15,Guy's Gyros,2142,1
2014-01-15,Guy's Gyros,3484,1
2014-01-15,Guy's Gyros,3853,1
2014-01-15,Guy's Gyros,4434,1
2014-01-15,Guy's Gyros,5368,1
2014-01-15,Guy's Gyros,6691,1
2014-01-15,Guy's Gyros,6816,1
2014-01-15,Guy's Gyros,7354,2
2014-01-15,Guy's Gyros,8202,1
2014-01-15,Guy's Gyros,9617,1
2014-01-15,Hallowed Grounds,1310,1
2014-01-15,Hallowed Grounds,2681,1
2014-01-15,Hallowed Grounds,3492,1
2014-01-15,Hallowed Grounds,6691,1
2014-01-15,Hallowed Grounds,7108,1
2014-01-15,Hallowed Grounds,7889,1
2014-01-15,Hallowed Grounds,8129,1
2014-01-15,Hallowed Grounds,9617,1
2014-01-15,Hippokampos,1321,1
2014-01-15,Hippokampos,1415,1
2014-01-15,Hippokampos,1877,2
2014-01-15,Hippokampos,2540,1
2014-01-15,Hippokampos,4434,1
2014-01-15,Hippokampos,6895,1
2014-01-15,Hippokampos,6899,1
2014-01-15,Hippokampos,7688,1
2014-01-15,Hippokampos,8156,1
2014-01-15,Hippokampos,8332,1
2014-01-15,Hippokampos,9405,1
2014-01-15,Hippokampos,9635,1
2014-01-15,Hippokampos,9683,1
2014-01-15,Jack's Magical Beans,2463,1
2014-01-15,Jack's Magical Beans,6899,1
2014-01-15,Jack's Magical Beans,8156,1
2014-01-15,Jack's Magical Beans,9241,1
2014-01-15,Kalami Kafenion,1874,1
2014-01-15,Kalami Kafenion,5407,1
2014-01-15,Kalami Kafenion,6895,1
2014-01-15,Kalami Kafenion,6901,1
2014-01-15,Kalami Kafenion,8156,1
2014-01-15,Kalami Kafenion,8411,1
2014-01-15,Katerina’s Café,1286,1
2014-01-15,Katerina’s Café,1310,2
2014-01-15,Katerina’s Café,2142,1
2014-01-15,Katerina’s Café,2418,2
2014-01-15,Katerina’s Café,3492,1
2014-01-15,Katerina’s Café,3547,1
2014-01-15,Katerina’s Café,7253,1
2014-01-15,Katerina’s Café,7792,1
2014-01-15,Katerina’s Café,8129,1
2014-01-15,Katerina’s Café,8202,1
2014-01-15,Katerina’s Café,8411,1
2014-01-15,Katerina’s Café,9617,1
2014-01-15,Kronos Pipe and Irrigation,4530,1
2014-01-15,Maximum Iron and Steel,4530,1
2014-01-15,Nationwide Refinery,7792,1
2014-01-15,Nationwide Refinery,9152,1
2014-01-15,Nationwide Refinery,9735,1
2014-01-15,Ouzeri Elian,1321,1
2014-01-15,Ouzeri Elian,2681,1
2014-01-15,Ouzeri Elian,3484,1
2014-01-15,Ouzeri Elian,5368,1
2014-01-15,Ouzeri Elian,6899,1
2014-01-15,Ouzeri Elian,7108,1
2014-01-15,Ouzeri Elian,7253,1
2014-01-15,Ouzeri Elian,8129,1
2014-01-15,Ouzeri Elian,9241,1
2014-01-15,Shoppers' Delight,8332,1
2014-01-15,Stewart and Sons Fabrication,9152,1
2014-01-15,Stewart and Sons Fabrication,9735,1
2014-01-16,Abila Airport,2276,1
2014-01-16,Abila Airport,3506,1
2014-01-16,Abila Airport,8642,1
2014-01-16,Abila Scrapyard,2276,1
2014-01-16,Abila Zacharo,1286,1
2014-01-16,Abila Zacharo,3547,1
2014-01-16,Abila Zacharo,4795,1
2014-01-16,Abila Zacharo,4948,1
2014-01-16,Abila Zacharo,6901,1
2014-01-16,Abila Zacharo,7108,1
2014-01-16,Albert's Fine Clothing,7117,1
2014-01-16,Albert's Fine Clothing,7819,1
2014-01-16,Bean There Done That,1321,1
2014-01-16,Bean There Done That,1415,1
2014-01-16,Bean There Done That,1877,1
2014-01-16,Bean There Done That,6895,1
2014-01-16,Bean There Done That,9635,1
2014-01-16,Brew've Been Served,1286,1
2014-01-16,Brew've Been Served,3484,1
2014-01-16,Brew've Been Served,3853,1
2014-01-16,Brew've Been Served,4434,1
2014-01-16,Brew've Been Served,4795,1
2014-01-16,Brew've Been Served,4948,1
2014-01-16,Brew've Been Served,5368,1
2014-01-16,Brew've Been Served,6816,1
2014-01-16,Brew've Been Served,6901,1
2014-01-16,Brew've Been Served,7354,1
2014-01-16,Brew've Been Served,7384,1
2014-01-16,Brew've Been Served,7819,1
2014-01-16,Brew've Been Served,8202,1
2014-01-16,Brew've Been Served,8411,1
2014-01-16,Brew've Been Served,9683,1
2014-01-16,Brewed Awakenings,2540,1
2014-01-16,Brewed Awakenings,7688,1
2014-01-16,Brewed Awakenings,8332,1
2014-01-16,Carlyle Chemical Inc.,7792,2
2014-01-16,Coffee Cameleon,2418,1
2014-01-16,Coffee Cameleon,3547,1
2014-01-16,Coffee Shack,7117,1
2014-01-16,Frydos Autosupply n' More,1874,1
2014-01-16,Frydos Autosupply n' More,4948,1
2014-01-16,Gelatogalore,1874,1
2014-01-16,Gelatogalore,2463,1
2014-01-16,Gelatogalore,4434,1
2014-01-16,Gelatogalore,9405,1
2014-01-16,Guy's Gyros,1877,1
2014-01-16,Guy's Gyros,3484,1
2014-01-16,Guy's Gyros,3853,1
2014-01-16,Guy's Gyros,4795,1
2014-01-16,Guy's Gyros,6816,2
2014-01-16,Guy's Gyros,6901,1
2014-01-16,Guy's Gyros,7108,1
2014-01-16,Guy's Gyros,7384,1
2014-01-16,Guy's Gyros,7819,1
2014-01-16,Guy's Gyros,7889,1
2014-01-16,Guy's Gyros,9551,1
2014-01-16,Guy's Gyros,9683,1
2014-01-16,Hallowed Grounds,1310,1
2014-01-16,Hallowed Grounds,1874,1
2014-01-16,Hallowed Grounds,2681,1
2014-01-16,Hallowed Grounds,3492,1
2014-01-16,Hallowed Grounds,6691,1
2014-01-16,Hallowed Grounds,7108,1
2014-01-16,Hallowed Grounds,7889,1
2014-01-16,Hallowed Grounds,8129,1
2014-01-16,Hallowed Grounds,9405,1
2014-01-16,Hallowed Grounds,9551,1
2014-01-16,Hallowed Grounds,9617,1
2014-01-16,Hippokampos,1310,1
2014-01-16,Hippokampos,1321,2
2014-01-16,Hippokampos,1415,1
2014-01-16,Hippokampos,2463,1
2014-01-16,Hippokampos,2540,1
2014-01-16,Hippokampos,6691,1
2014-01-16,Hippokampos,6895,1
2014-01-16,Hippokampos,6899,1
2014-01-16,Hippokampos,7253,1
2014-01-16,Hippokampos,7354,1
2014-01-16,Hippokampos,7688,1
2014-01-16,Hippokampos,8156,1
2014-01-16,Hippokampos,8332,2
2014-01-16,Hippokampos,8411,1
2014-01-16,Hippokampos,9617,1
2014-01-16,Jack's Magical Beans,2463,1
2014-01-16,Jack's Magical Beans,6899,1
2014-01-16,Jack's Magical Beans,8156,1
2014-01-16,Jack's Magical Beans,9241,1
2014-01-16,Kalami Kafenion,3492,1
2014-01-16,Kalami Kafenion,7384,1
2014-01-16,Kalami Kafenion,8202,1
2014-01-16,Kalami Kafenion,9635,1
2014-01-16,Katerina’s Café,2142,1
2014-01-16,Katerina’s Café,2418,1
2014-01-16,Katerina’s Café,3484,1
2014-01-16,Katerina’s Café,3492,1
2014-01-16,Katerina’s Café,3547,1
2014-01-16,Katerina’s Café,5368,1
2014-01-16,Katerina’s Café,5407,2
2014-01-16,Katerina’s Café,7688,1
2014-01-16,Katerina’s Café,7792,1
2014-01-16,Katerina’s Café,7889,1
2014-01-16,Katerina’s Café,8129,1
2014-01-16,Katerina’s Café,8202,1
2014-01-16,Katerina’s Café,8411,1
2014-01-16,Katerina’s Café,9405,1
2014-01-16,Katerina’s Café,9617,1
2014-01-16,Katerina’s Café,9683,1
2014-01-16,Kronos Mart,7108,1
2014-01-16,Nationwide Refinery,3506,1
2014-01-16,Nationwide Refinery,7792,1
2014-01-16,Nationwide Refinery,9735,1
2014-01-16,Octavio's Office Supplies,5368,1
2014-01-16,Ouzeri Elian,2142,1
2014-01-16,Ouzeri Elian,2418,1
2014-01-16,Ouzeri Elian,2681,1
2014-01-16,Ouzeri Elian,3853,1
2014-01-16,Ouzeri Elian,6899,1
2014-01-16,Ouzeri Elian,7117,1
2014-01-16,Ouzeri Elian,9241,1
2014-01-16,Ouzeri Elian,9551,1
2014-01-16,Roberts and Sons,4434,1
2014-01-16,Roberts and Sons,7354,1
2014-01-16,Shoppers' Delight,1286,1
2014-01-16,Shoppers' Delight,1877,1
2014-01-16,Stewart and Sons Fabrication,3506,1
2014-01-16,Stewart and Sons Fabrication,9735,1
2014-01-17,Abila Zacharo,2142,1
2014-01-17,Abila Zacharo,5010,1
2014-01-17,Abila Zacharo,5368,1
2014-01-17,Abila Zacharo,7354,1
2014-01-17,Abila Zacharo,8332,1
2014-01-17,Albert's Fine Clothing,1321,1
2014-01-17,Bean There Done That,1321,1
2014-01-17,Bean There Done That,1415,1
2014-01-17,Bean There Done That,1877,1
2014-01-17,Bean There Done That,6895,1
2014-01-17,Bean There Done That,9635,1
2014-01-17,Brew've Been Served,1286,1
2014-01-17,Brew've Been Served,3484,1
2014-01-17,Brew've Been Served,3853,1
2014-01-17,Brew've Been Served,4795,1
2014-01-17,Brew've Been Served,4948,1
2014-01-17,Brew've Been Served,5368,1
2014-01-17,Brew've Been Served,5407,1
2014-01-17,Brew've Been Served,6901,1
2014-01-17,Brew've Been Served,7354,1
2014-01-17,Brew've Been Served,7384,1
2014-01-17,Brew've Been Served,7819,1
2014-01-17,Brew've Been Served,8202,1
2014-01-17,Brew've Been Served,8411,1
2014-01-17,Brew've Been Served,9405,1
2014-01-17,Brewed Awakenings,2540,1
2014-01-17,Brewed Awakenings,7688,1
2014-01-17,Brewed Awakenings,8332,1
2014-01-17,Chostus Hotel,2540,1
2014-01-17,Chostus Hotel,9683,1
2014-01-17,Coffee Cameleon,2418,1
2014-01-17,Coffee Cameleon,3547,1
2014-01-17,Coffee Cameleon,4434,1
2014-01-17,Coffee Cameleon,6816,1
2014-01-17,Coffee Cameleon,7253,1
2014-01-17,Coffee Shack,7117,1
2014-01-17,Frydos Autosupply n' More,4948,1
2014-01-17,Frydos Autosupply n' More,5368,1
2014-01-17,Frydos Autosupply n' More,7354,1
2014-01-17,Gelatogalore,1310,1
2014-01-17,Gelatogalore,2681,1
2014-01-17,Gelatogalore,3492,1
2014-01-17,Gelatogalore,7819,1
2014-01-17,Gelatogalore,8156,1
2014-01-17,Gelatogalore,9635,1
2014-01-17,General Grocer,7108,1
2014-01-17,Guy's Gyros,3484,2
2014-01-17,Guy's Gyros,3853,2
2014-01-17,Guy's Gyros,4434,1
2014-01-17,Guy's Gyros,4795,1
2014-01-17,Guy's Gyros,6816,1
2014-01-17,Guy's Gyros,6901,2
2014-01-17,Guy's Gyros,7117,1
2014-01-17,Guy's Gyros,7688,1
2014-01-17,Guy's Gyros,7819,1
2014-01-17,Guy's Gyros,8202,1
2014-01-17,Guy's Gyros,9683,1
2014-01-17,Hallowed Grounds,1310,1
2014-01-17,Hallowed Grounds,1874,1
2014-01-17,Hallowed Grounds,2681,1
2014-01-17,Hallowed Grounds,3492,1
2014-01-17,Hallowed Grounds,5010,1
2014-01-17,Hallowed Grounds,6691,1
2014-01-17,Hallowed Grounds,7889,1
2014-01-17,Hallowed Grounds,8129,1
2014-01-17,Hallowed Grounds,9551,1
2014-01-17,Hallowed Grounds,9617,1
2014-01-17,Hippokampos,1286,1
2014-01-17,Hippokampos,1877,1
2014-01-17,Hippokampos,2418,1
2014-01-17,Hippokampos,2463,1
2014-01-17,Hippokampos,2540,1
2014-01-17,Hippokampos,4795,1
2014-01-17,Hippokampos,6816,1
2014-01-17,Hippokampos,7117,1
2014-01-17,Hippokampos,7688,1
2014-01-17,Hippokampos,9617,1
2014-01-17,Hippokampos,9635,1
2014-01-17,Jack's Magical Beans,6899,1
2014-01-17,Jack's Magical Beans,9241,1
2014-01-17,Kalami Kafenion,1874,1
2014-01-17,Kalami Kafenion,2463,1
2014-01-17,Kalami Kafenion,5407,1
2014-01-17,Kalami Kafenion,7108,1
2014-01-17,Kalami Kafenion,7253,1
2014-01-17,Kalami Kafenion,8411,1
2014-01-17,Kalami Kafenion,9405,1
2014-01-17,Katerina’s Café,1310,1
2014-01-17,Katerina’s Café,1321,1
2014-01-17,Katerina’s Café,2142,1
2014-01-17,Katerina’s Café,3492,1
2014-01-17,Katerina’s Café,3547,1
2014-01-17,Katerina’s Café,4434,1
2014-01-17,Katerina’s Café,4948,1
2014-01-17,Katerina’s Café,5407,1
2014-01-17,Katerina’s Café,7253,1
2014-01-17,Katerina’s Café,7889,1
2014-01-17,Katerina’s Café,8129,1
2014-01-17,Katerina’s Café,8202,1
2014-01-17,Katerina’s Café,9405,1
2014-01-17,Kronos Mart,1415,1
2014-01-17,Ouzeri Elian,1415,1
2014-01-17,Ouzeri Elian,2681,1
2014-01-17,Ouzeri Elian,6899,1
2014-01-17,Ouzeri Elian,8129,1
2014-01-17,Ouzeri Elian,9241,1
2014-01-17,Ouzeri Elian,9551,1
2014-01-17,Shoppers' Delight,1286,1
2014-01-17,Shoppers' Delight,7384,1
2014-01-17,Stewart and Sons Fabrication,9735,1
2014-01-18,Abila Zacharo,2540,1
2014-01-18,Abila Zacharo,4795,1
2014-01-18,Abila Zacharo,7253,1
2014-01-18,Abila Zacharo,8156,1
2014-01-18,Abila Zacharo,9551,1
2014-01-18,Ahaggo Museum,1286,1
2014-01-18,Ahaggo Museum,7384,1
2014-01-18,Albert's Fine Clothing,6691,1
2014-01-18,Albert's Fine Clothing,6895,1
2014-01-18,Albert's Fine Clothing,8156,1
2014-01-18,Chostus Hotel,5010,1
2014-01-18,Frank's Fuel,9635,1
2014-01-18,Frydos Autosupply n' More,1874,1
2014-01-18,Frydos Autosupply n' More,1877,1
2014-01-18,Frydos Autosupply n' More,2463,1
2014-01-18,Frydos Autosupply n' More,5368,1
2014-01-18,Frydos Autosupply n' More,5407,1
2014-01-18,Gelatogalore,2681,1
2014-01-18,General Grocer,3547,1
2014-01-18,General Grocer,6901,1
2014-01-18,Guy's Gyros,1874,1
2014-01-18,Guy's Gyros,3484,1
2014-01-18,Guy's Gyros,5368,1
2014-01-18,Guy's Gyros,6816,1
2014-01-18,Guy's Gyros,7384,1
2014-01-18,Guy's Gyros,9617,1
2014-01-18,Hippokampos,1286,1
2014-01-18,Hippokampos,1321,1
2014-01-18,Hippokampos,1415,1
2014-01-18,Hippokampos,1877,2
2014-01-18,Hippokampos,2463,1
2014-01-18,Hippokampos,6895,1
2014-01-18,Hippokampos,7117,1
2014-01-18,Hippokampos,8332,1
2014-01-18,Kalami Kafenion,1321,1
2014-01-18,Kalami Kafenion,2463,1
2014-01-18,Kalami Kafenion,5368,1
2014-01-18,Kalami Kafenion,6901,1
2014-01-18,Kalami Kafenion,8202,1
2014-01-18,Kalami Kafenion,9635,1
2014-01-18,Katerina’s Café,1310,1
2014-01-18,Katerina’s Café,1874,1
2014-01-18,Katerina’s Café,2418,1
2014-01-18,Katerina’s Café,3484,1
2014-01-18,Katerina’s Café,3547,1
2014-01-18,Katerina’s Café,3853,1
2014-01-18,Katerina’s Café,4434,1
2014-01-18,Katerina’s Café,4948,1
2014-01-18,Katerina’s Café,6691,2
2014-01-18,Katerina’s Café,7354,1
2014-01-18,Katerina’s Café,7688,1
2014-01-18,Katerina’s Café,7819,2
2014-01-18,Katerina’s Café,7889,1
2014-01-18,Katerina’s Café,8129,1
2014-01-18,Katerina’s Café,8202,1
2014-01-18,Katerina’s Café,8411,2
2014-01-18,Katerina’s Café,9405,1
2014-01-18,Ouzeri Elian,2681,1
2014-01-18,Ouzeri Elian,3547,1
2014-01-18,Ouzeri Elian,6895,1
2014-01-18,Ouzeri Elian,6899,1
2014-01-18,Ouzeri Elian,9551,1
2014-01-18,Roberts and Sons,7253,1
2014-01-18,Roberts and Sons,7688,1
2014-01-18,Roberts and Sons,9617,1
2014-01-18,Shoppers' Delight,8156,1
2014-01-19,Abila Zacharo,6901,1
2014-01-19,Ahaggo Museum,9241,1
2014-01-19,Albert's Fine Clothing,2142,1
2014-01-19,Albert's Fine Clothing,2540,1
2014-01-19,Desafio Golf Course,2463,1
2014-01-19,Desafio Golf Course,5010,1
2014-01-19,Desafio Golf Course,7688,1
2014-01-19,Desafio Golf Course,8156,1
2014-01-19,Desafio Golf Course,8332,1
2014-01-19,Frydos Autosupply n' More,3484,1
2014-01-19,Frydos Autosupply n' More,4795,1
2014-01-19,Frydos Autosupply n' More,9405,1
2014-01-19,Gelatogalore,6895,1
2014-01-19,General Grocer,6895,1
2014-01-19,Guy's Gyros,1286,1
2014-01-19,Guy's Gyros,3484,1
2014-01-19,Guy's Gyros,3853,1
2014-01-19,Guy's Gyros,4434,1
2014-01-19,Guy's Gyros,5010,1
2014-01-19,Guy's Gyros,6816,1
2014-01-19,Guy's Gyros,6901,1
2014-01-19,Guy's Gyros,7108,1
2014-01-19,Guy's Gyros,7354,1
2014-01-19,Guy's Gyros,7384,1
2014-01-19,Guy's Gyros,9683,1
2014-01-19,Hippokampos,1321,1
2014-01-19,Hippokampos,1415,1
2014-01-19,Hippokampos,2142,1
2014-01-19,Hippokampos,2463,1
2014-01-19,Hippokampos,6895,1
2014-01-19,Hippokampos,8332,1
2014-01-19,Hippokampos,9635,1
2014-01-19,Katerina’s Café,1310,1
2014-01-19,Katerina’s Café,1874,1
2014-01-19,Katerina’s Café,3492,1
2014-01-19,Katerina’s Café,3547,1
2014-01-19,Katerina’s Café,4434,1
2014-01-19,Katerina’s Café,4795,1
2014-01-19,Katerina’s Café,7354,1
2014-01-19,Katerina’s Café,7889,1
2014-01-19,Katerina’s Café,9617,1
2014-01-19,Kronos Mart,3484,1
2014-01-19,Kronos Mart,8332,1
2014-01-19,Kronos Mart,9551,1
2014-01-19,Ouzeri Elian,3484,1
2014-01-19,Ouzeri Elian,6899,1
2014-01-19,Ouzeri Elian,7384,1
2014-01-19,Ouzeri Elian,9551,1
2014-01-19,Shoppers' Delight,2142,1
2014-01-06,Abila Airport,L2769,1
2014-01-06,Abila Airport,L4063,2
2014-01-06,Abila Zacharo,L3259,1
2014-01-06,Abila Zacharo,L3288,1
2014-01-06,Abila Zacharo,L4164,1
2014-01-06,Abila Zacharo,L6544,1
2014-01-06,Abila Zacharo,L9018,1
2014-01-06,Abila Zacharo,L9254,1
2014-01-06,Albert's Fine Clothing,L2169,1
2014-01-06,Albert's Fine Clothing,L5777,1
2014-01-06,Bean There Done That,L3014,1
2014-01-06,Bean There Done That,L3191,1
2014-01-06,Bean There Done That,L3366,1
2014-01-06,Bean There Done That,L4149,1
2014-01-06,Bean There Done That,L7783,1
2014-01-06,Brew've Been Served,L1485,1
2014-01-06,Brew've Been Served,L2169,1
2014-01-06,Brew've Been Served,L2247,1
2014-01-06,Brew've Been Served,L2343,1
2014-01-06,Brew've Been Served,L2490,1
2014-01-06,Brew've Been Served,L3259,1
2014-01-06,Brew've Been Served,L3572,1
2014-01-06,Brew've Been Served,L3800,1
2014-01-06,Brew've Been Served,L4034,1
2014-01-06,Brew've Been Served,L5259,1
2014-01-06,Brew've Been Served,L6110,1
2014-01-06,Brew've Been Served,L7291,1
2014-01-06,Brew've Been Served,L8148,1
2014-01-06,Brew've Been Served,L8566,1
2014-01-06,Brew've Been Served,L9254,1
2014-01-06,Brew've Been Served,L9363,1
2014-01-06,Brew've Been Served,L9406,1
2014-01-06,Brewed Awakenings,L2070,1
2014-01-06,Brewed Awakenings,L4164,1
2014-01-06,Brewed Awakenings,L5947,1
2014-01-06,Carlyle Chemical Inc.,L4063,1
2014-01-06,Coffee Cameleon,L1682,1
2014-01-06,Coffee Cameleon,L3295,1
2014-01-06,Coffee Cameleon,L9637,1
2014-01-06,Coffee Shack,L6417,1
2014-01-06,Frydos Autosupply n' More,L2247,1
2014-01-06,Frydos Autosupply n' More,L2343,1
2014-01-06,Frydos Autosupply n' More,L3288,1
2014-01-06,Frydos Autosupply n' More,L4034,1
2014-01-06,Frydos Autosupply n' More,L8012,1
2014-01-06,Frydos Autosupply n' More,L9637,1
2014-01-06,Gelatogalore,L1682,1
2014-01-06,Gelatogalore,L5259,1
2014-01-06,Gelatogalore,L6119,1
2014-01-06,Gelatogalore,L7814,1
2014-01-06,Guy's Gyros,L2490,1
2014-01-06,Guy's Gyros,L3191,1
2014-01-06,Guy's Gyros,L3800,2
2014-01-06,Guy's Gyros,L5259,1
2014-01-06,Guy's Gyros,L6544,1
2014-01-06,Guy's Gyros,L6886,1
2014-01-06,Guy's Gyros,L7783,1
2014-01-06,Guy's Gyros,L8012,1
2014-01-06,Guy's Gyros,L8148,1
2014-01-06,Guy's Gyros,L9363,1
2014-01-06,Hallowed Grounds,L1107,1
2014-01-06,Hallowed Grounds,L4424,1
2014-01-06,Hallowed Grounds,L5553,1
2014-01-06,Hallowed Grounds,L5777,1
2014-01-06,Hallowed Grounds,L6544,1
2014-01-06,Hallowed Grounds,L7814,1
2014-01-06,Hallowed Grounds,L8328,1
2014-01-06,Hippokampos,L1107,1
2014-01-06,Hippokampos,L2070,1
2014-01-06,Hippokampos,L2343,1
2014-01-06,Hippokampos,L3014,2
2014-01-06,Hippokampos,L3366,1
2014-01-06,Hippokampos,L4149,1
2014-01-06,Hippokampos,L4164,1
2014-01-06,Hippokampos,L6267,1
2014-01-06,Hippokampos,L6417,1
2014-01-06,Hippokampos,L7783,1
2014-01-06,Hippokampos,L8566,1
2014-01-06,Hippokampos,L9406,1
2014-01-06,Jack's Magical Beans,L3288,1
2014-01-06,Jack's Magical Beans,L5224,1
2014-01-06,Jack's Magical Beans,L6267,1
2014-01-06,Jack's Magical Beans,L6886,1
2014-01-06,Kalami Kafenion,L2169,1
2014-01-06,Kalami Kafenion,L2490,1
2014-01-06,Kalami Kafenion,L4034,1
2014-01-06,Kalami Kafenion,L6417,1
2014-01-06,Kalami Kafenion,L8328,1
2014-01-06,Katerina’s Café,L1485,1
2014-01-06,Katerina’s Café,L1682,1
2014-01-06,Katerina’s Café,L3259,1
2014-01-06,Katerina’s Café,L3295,1
2014-01-06,Katerina’s Café,L4424,2
2014-01-06,Katerina’s Café,L5553,1
2014-01-06,Katerina’s Café,L6110,2
2014-01-06,Katerina’s Café,L6267,2
2014-01-06,Katerina’s Café,L7814,1
2014-01-06,Katerina’s Café,L8328,1
2014-01-06,Katerina’s Café,L9363,1
2014-01-06,Katerina’s Café,L9406,1
2014-01-06,Kronos Pipe and Irrigation,L4063,1
2014-01-06,Maximum Iron and Steel,L4063,1
2014-01-06,Nationwide Refinery,L9633,1
2014-01-06,Ouzeri Elian,L2247,1
2014-01-06,Ouzeri Elian,L3295,1
2014-01-06,Ouzeri Elian,L3366,1
2014-01-06,Ouzeri Elian,L4063,1
2014-01-06,Ouzeri Elian,L5947,1
2014-01-06,Ouzeri Elian,L7291,1
2014-01-06,Ouzeri Elian,L8148,1
2014-01-06,Shoppers' Delight,L9254,1
2014-01-06,Stewart and Sons Fabrication,L9633,1
2014-01-06,U-Pump,L2490,1
2014-01-07,Abila Airport,L2769,2
2014-01-07,Abila Airport,L3317,1
2014-01-07,Abila Airport,L7761,1
2014-01-07,Abila Scrapyard,L3317,1
2014-01-07,Abila Zacharo,L4164,1
2014-01-07,Abila Zacharo,L5259,1
2014-01-07,Abila Zacharo,L6267,1
2014-01-07,Abila Zacharo,L7291,1
2014-01-07,Abila Zacharo,L7783,1
2014-01-07,Abila Zacharo,L9018,1
2014-01-07,Albert's Fine Clothing,L3366,1
2014-01-07,Albert's Fine Clothing,L6417,1
2014-01-07,Bean There Done That,L3014,1
2014-01-07,Bean There Done That,L3366,1
2014-01-07,Bean There Done That,L4149,1
2014-01-07,Bean There Done That,L7783,1
2014-01-07,Brew've Been Served,L2169,1
2014-01-07,Brew've Been Served,L2247,1
2014-01-07,Brew've Been Served,L2343,1
2014-01-07,Brew've Been Served,L2490,1
2014-01-07,Brew've Been Served,L3259,1
2014-01-07,Brew've Been Served,L3572,1
2014-01-07,Brew've Been Served,L3800,1
2014-01-07,Brew've Been Served,L4034,1
2014-01-07,Brew've Been Served,L6110,1
2014-01-07,Brew've Been Served,L7291,1
2014-01-07,Brew've Been Served,L9363,1
2014-01-07,Brew've Been Served,L9406,1
2014-01-07,Brewed Awakenings,L1485,1
2014-01-07,Brewed Awakenings,L2070,1
2014-01-07,Brewed Awakenings,L5947,1
2014-01-07,Brewed Awakenings,L9254,1
2014-01-07,Carlyle Chemical Inc.,L5756,1
2014-01-07,Coffee Cameleon,L1682,1
2014-01-07,Coffee Cameleon,L3295,1
2014-01-07,Coffee Cameleon,L9018,1
2014-01-07,Coffee Cameleon,L9637,1
2014-01-07,Coffee Shack,L6417,1
2014-01-07,Frydos Autosupply n' More,L9363,1
2014-01-07,Gelatogalore,L1107,1
2014-01-07,Gelatogalore,L1682,1
2014-01-07,Gelatogalore,L2070,1
2014-01-07,Gelatogalore,L3259,1
2014-01-07,Gelatogalore,L3295,1
2014-01-07,Gelatogalore,L4424,1
2014-01-07,Gelatogalore,L5777,1
2014-01-07,Gelatogalore,L6267,1
2014-01-07,Gelatogalore,L6886,1
2014-01-07,Guy's Gyros,L1485,1
2014-01-07,Guy's Gyros,L2247,1
2014-01-07,Guy's Gyros,L2490,1
2014-01-07,Guy's Gyros,L3191,1
2014-01-07,Guy's Gyros,L3800,1
2014-01-07,Guy's Gyros,L5224,1
2014-01-07,Guy's Gyros,L5259,1
2014-01-07,Guy's Gyros,L5553,1
2014-01-07,Guy's Gyros,L5947,1
2014-01-07,Guy's Gyros,L8148,1
2014-01-07,Guy's Gyros,L9254,2
2014-01-07,Hallowed Grounds,L1107,1
2014-01-07,Hallowed Grounds,L5553,1
2014-01-07,Hallowed Grounds,L5777,1
2014-01-07,Hallowed Grounds,L6119,1
2014-01-07,Hallowed Grounds,L6267,1
2014-01-07,Hallowed Grounds,L6544,1
2014-01-07,Hallowed Grounds,L7814,1
2014-01-07,Hallowed Grounds,L8012,1
2014-01-07,Hallowed Grounds,L8328,1
2014-01-07,Hippokampos,L1485,1
2014-01-07,Hippokampos,L2070,1
2014-01-07,Hippokampos,L3014,1
2014-01-07,Hippokampos,L4149,1
2014-01-07,Hippokampos,L4164,1
2014-01-07,Hippokampos,L5947,1
2014-01-07,Hippokampos,L6886,1
2014-01-07,Hippokampos,L7783,1
2014-01-07,Hippokampos,L7814,1
2014-01-07,Hippokampos,L8328,1
2014-01-07,Jack's Magical Beans,L3288,1
2014-01-07,Jack's Magical Beans,L5224,1
2014-01-07,Jack's Magical Beans,L6267,1
2014-01-07,Jack's Magical Beans,L6886,1
2014-01-07,Kalami Kafenion,L3014,1
2014-01-07,Kalami Kafenion,L3288,1
2014-01-07,Kalami Kafenion,L3800,1
2014-01-07,Kalami Kafenion,L4034,1
2014-01-07,Kalami Kafenion,L6544,1
2014-01-07,Kalami Kafenion,L8566,1
2014-01-07,Katerina’s Café,L1682,1
2014-01-07,Katerina’s Café,L2169,1
2014-01-07,Katerina’s Café,L2343,2
2014-01-07,Katerina’s Café,L2490,1
2014-01-07,Katerina’s Café,L3259,1
2014-01-07,Katerina’s Café,L3295,1
2014-01-07,Katerina’s Café,L5553,1
2014-01-07,Katerina’s Café,L5756,1
2014-01-07,Katerina’s Café,L6110,1
2014-01-07,Katerina’s Café,L6119,2
2014-01-07,Katerina’s Café,L6267,1
2014-01-07,Katerina’s Café,L7814,1
2014-01-07,Katerina’s Café,L8012,1
2014-01-07,Katerina’s Café,L9637,1
2014-01-07,Kronos Pipe and Irrigation,L8477,1
2014-01-07,Maximum Iron and Steel,L8477,1
2014-01-07,Nationwide Refinery,L3317,1
2014-01-07,Nationwide Refinery,L5756,1
2014-01-07,Nationwide Refinery,L9633,1
2014-01-07,Ouzeri Elian,L1107,1
2014-01-07,Ouzeri Elian,L2247,1
2014-01-07,Ouzeri Elian,L3288,1
2014-01-07,Ouzeri Elian,L3366,1
2014-01-07,Ouzeri Elian,L5777,1
2014-01-07,Ouzeri Elian,L6110,1
2014-01-07,Ouzeri Elian,L9363,1
2014-01-07,Ouzeri Elian,L9406,1
2014-01-07,Ouzeri Elian,L9637,1
2014-01-07,Stewart and Sons Fabrication,L7761,1
2014-01-07,Stewart and Sons Fabrication,L9633,1
2014-01-08,Abila Airport,L2769,2
2014-01-08,Abila Zacharo,L1107,1
2014-01-08,Abila Zacharo,L4034,1
2014-01-08,Abila Zacharo,L5553,1
2014-01-08,Abila Zacharo,L6886,1
2014-01-08,Abila Zacharo,L7783,1
2014-01-08,Abila Zacharo,L9363,1
2014-01-08,Albert's Fine Clothing,L3191,1
2014-01-08,Bean There Done That,L3191,1
2014-01-08,Bean There Done That,L3366,1
2014-01-08,Bean There Done That,L4149,1
2014-01-08,Bean There Done That,L7783,1
2014-01-08,Brew've Been Served,L1485,1
2014-01-08,Brew've Been Served,L2169,1
2014-01-08,Brew've Been Served,L2247,1
2014-01-08,Brew've Been Served,L2343,1
2014-01-08,Brew've Been Served,L2490,1
2014-01-08,Brew've Been Served,L3259,1
2014-01-08,Brew've Been Served,L3572,1
2014-01-08,Brew've Been Served,L3800,1
2014-01-08,Brew've Been Served,L4034,1
2014-01-08,Brew've Been Served,L5259,1
2014-01-08,Brew've Been Served,L6110,1
2014-01-08,Brew've Been Served,L7291,1
2014-01-08,Brew've Been Served,L8148,1
2014-01-08,Brew've Been Served,L8566,1
2014-01-08,Brew've Been Served,L9254,1
2014-01-08,Brew've Been Served,L9363,1
2014-01-08,Brew've Been Served,L9406,1
2014-01-08,Brewed Awakenings,L4164,1
2014-01-08,Brewed Awakenings,L5947,1
2014-01-08,Carlyle Chemical Inc.,L5756,1
2014-01-08,Carlyle Chemical Inc.,L8477,1
2014-01-08,Chostus Hotel,L5947,1
2014-01-08,Chostus Hotel,L7291,1
2014-01-08,Coffee Cameleon,L1682,1
2014-01-08,Coffee Cameleon,L3295,1
2014-01-08,Coffee Cameleon,L9018,1
2014-01-08,Coffee Cameleon,L9637,1
2014-01-08,Coffee Shack,L6417,1
2014-01-08,Frank's Fuel,L1485,1
2014-01-08,Frydos Autosupply n' More,L1485,1
2014-01-08,Frydos Autosupply n' More,L6267,1
2014-01-08,Frydos Autosupply n' More,L9018,1
2014-01-08,Gelatogalore,L2490,1
2014-01-08,Gelatogalore,L3259,1
2014-01-08,Gelatogalore,L3288,1
2014-01-08,Gelatogalore,L5259,1
2014-01-08,Gelatogalore,L6110,1
2014-01-08,Gelatogalore,L6119,1
2014-01-08,Gelatogalore,L9018,1
2014-01-08,Gelatogalore,L9406,1
2014-01-08,General Grocer,L6544,1
2014-01-08,Guy's Gyros,L1485,1
2014-01-08,Guy's Gyros,L2169,2
2014-01-08,Guy's Gyros,L2490,1
2014-01-08,Guy's Gyros,L3800,2
2014-01-08,Guy's Gyros,L4424,1
2014-01-08,Guy's Gyros,L7291,1
2014-01-08,Guy's Gyros,L9254,1
2014-01-08,Hallowed Grounds,L1107,1
2014-01-08,Hallowed Grounds,L4424,1
2014-01-08,Hallowed Grounds,L5553,1
2014-01-08,Hallowed Grounds,L6119,1
2014-01-08,Hallowed Grounds,L6267,1
2014-01-08,Hallowed Grounds,L7814,1
2014-01-08,Hallowed Grounds,L8328,1
2014-01-08,Hippokampos,L1682,1
2014-01-08,Hippokampos,L2070,2
2014-01-08,Hippokampos,L3014,1
2014-01-08,Hippokampos,L3191,1
2014-01-08,Hippokampos,L3366,1
2014-01-08,Hippokampos,L4149,1
2014-01-08,Hippokampos,L4164,1
2014-01-08,Hippokampos,L5777,1
2014-01-08,Hippokampos,L5947,1
2014-01-08,Hippokampos,L6417,1
2014-01-08,Hippokampos,L6886,1
2014-01-08,Hippokampos,L7783,1
2014-01-08,Hippokampos,L8566,1
2014-01-08,Jack's Magical Beans,L3288,1
2014-01-08,Jack's Magical Beans,L5224,1
2014-01-08,Jack's Magical Beans,L6267,1
2014-01-08,Jack's Magical Beans,L6886,1
2014-01-08,Kalami Kafenion,L2343,1
2014-01-08,Kalami Kafenion,L3295,1
2014-01-08,Kalami Kafenion,L6267,1
2014-01-08,Kalami Kafenion,L6417,1
2014-01-08,Kalami Kafenion,L7814,1
2014-01-08,Kalami Kafenion,L8148,1
2014-01-08,Kalami Kafenion,L8328,1
2014-01-08,Kalami Kafenion,L9254,1
2014-01-08,Katerina’s Café,L1682,1
2014-01-08,Katerina’s Café,L2343,1
2014-01-08,Katerina’s Café,L3295,1
2014-01-08,Katerina’s Café,L3366,1
2014-01-08,Katerina’s Café,L4034,1
2014-01-08,Katerina’s Café,L4424,1
2014-01-08,Katerina’s Café,L5756,1
2014-01-08,Katerina’s Café,L6110,1
2014-01-08,Katerina’s Café,L6119,1
2014-01-08,Katerina’s Café,L6267,1
2014-01-08,Katerina’s Café,L8012,1
2014-01-08,Katerina’s Café,L9637,2
2014-01-08,Kronos Pipe and Irrigation,L8477,1
2014-01-08,Maximum Iron and Steel,L8477,1
2014-01-08,Nationwide Refinery,L5485,1
2014-01-08,Nationwide Refinery,L5756,1
2014-01-08,Nationwide Refinery,L9633,1
2014-01-08,Ouzeri Elian,L2247,1
2014-01-08,Ouzeri Elian,L3288,1
2014-01-08,Ouzeri Elian,L4164,1
2014-01-08,Ouzeri Elian,L5224,1
2014-01-08,Ouzeri Elian,L5777,1
2014-01-08,Ouzeri Elian,L6267,1
2014-01-08,Stewart and Sons Fabrication,L5485,1
2014-01-08,Stewart and Sons Fabrication,L9633,1
2014-01-09,Abila Airport,L2769,2
2014-01-09,Abila Airport,L3317,1
2014-01-09,Abila Airport,L7761,1
2014-01-09,Abila Scrapyard,L3317,1
2014-01-09,Abila Zacharo,L2490,1
2014-01-09,Abila Zacharo,L3288,1
2014-01-09,Abila Zacharo,L4424,1
2014-01-09,Abila Zacharo,L5259,1
2014-01-09,Abila Zacharo,L5777,1
2014-01-09,Abila Zacharo,L6886,1
2014-01-09,Albert's Fine Clothing,L2070,1
2014-01-09,Albert's Fine Clothing,L6417,1
2014-01-09,Bean There Done That,L3014,1
2014-01-09,Bean There Done That,L3366,1
2014-01-09,Bean There Done That,L7783,1
2014-01-09,Brew've Been Served,L2169,1
2014-01-09,Brew've Been Served,L2343,1
2014-01-09,Brew've Been Served,L2490,1
2014-01-09,Brew've Been Served,L3572,1
2014-01-09,Brew've Been Served,L3800,1
2014-01-09,Brew've Been Served,L7291,1
2014-01-09,Brew've Been Served,L8148,1
2014-01-09,Brew've Been Served,L8566,1
2014-01-09,Brew've Been Served,L9254,1
2014-01-09,Brew've Been Served,L9363,1
2014-01-09,Brewed Awakenings,L2070,1
2014-01-09,Brewed Awakenings,L5947,1
2014-01-09,Carlyle Chemical Inc.,L5756,3
2014-01-09,Carlyle Chemical Inc.,L8477,1
2014-01-09,Coffee Cameleon,L3295,1
2014-01-09,Coffee Cameleon,L9018,1
2014-01-09,Coffee Cameleon,L9637,1
2014-01-09,Coffee Shack,L6417,1
2014-01-09,Frydos Autosupply n' More,L1485,1
2014-01-09,Frydos Autosupply n' More,L2490,1
2014-01-09,Frydos Autosupply n' More,L4149,1
2014-01-09,Gelatogalore,L1107,1
2014-01-09,Gelatogalore,L3259,1
2014-01-09,Gelatogalore,L4034,1
2014-01-09,Gelatogalore,L5947,1
2014-01-09,Gelatogalore,L6110,1
2014-01-09,Gelatogalore,L6267,1
2014-01-09,Gelatogalore,L6417,1
2014-01-09,Gelatogalore,L8566,1
2014-01-09,General Grocer,L8566,1
2014-01-09,Guy's Gyros,L2169,1
2014-01-09,Guy's Gyros,L2247,1
2014-01-09,Guy's Gyros,L2343,1
2014-01-09,Guy's Gyros,L3295,1
2014-01-09,Guy's Gyros,L3572,1
2014-01-09,Guy's Gyros,L3800,1
2014-01-09,Guy's Gyros,L5553,1
2014-01-09,Guy's Gyros,L6119,2
2014-01-09,Guy's Gyros,L7783,1
2014-01-09,Guy's Gyros,L8148,1
2014-01-09,Guy's Gyros,L9254,2
2014-01-09,Hallowed Grounds,L1107,1
2014-01-09,Hallowed Grounds,L3259,1
2014-01-09,Hallowed Grounds,L4424,1
2014-01-09,Hallowed Grounds,L5553,1
2014-01-09,Hallowed Grounds,L5777,1
2014-01-09,Hallowed Grounds,L6267,1
2014-01-09,Hallowed Grounds,L6544,1
2014-01-09,Hallowed Grounds,L8012,1
2014-01-09,Hallowed Grounds,L8328,1
2014-01-09,Hippokampos,L2169,1
2014-01-09,Hippokampos,L2247,1
2014-01-09,Hippokampos,L3191,2
2014-01-09,Hippokampos,L3366,1
2014-01-09,Hippokampos,L4149,1
2014-01-09,Hippokampos,L5224,1
2014-01-09,Hippokampos,L5947,1
2014-01-09,Hippokampos,L6886,1
2014-01-09,Hippokampos,L7291,1
2014-01-09,Hippokampos,L8012,1
2014-01-09,Hippokampos,L9018,1
2014-01-09,Jack's Magical Beans,L1485,1
2014-01-09,Jack's Magical Beans,L6267,1
2014-01-09,Jack's Magical Beans,L6886,1
2014-01-09,Kalami Kafenion,L3366,1
2014-01-09,Kalami Kafenion,L3800,1
2014-01-09,Kalami Kafenion,L6267,1
2014-01-09,Kalami Kafenion,L8328,1
2014-01-09,Kalami Kafenion,L9406,1
2014-01-09,Katerina’s Café,L1485,1
2014-01-09,Katerina’s Café,L1682,1
2014-01-09,Katerina’s Café,L2343,1
2014-01-09,Katerina’s Café,L3014,1
2014-01-09,Katerina’s Café,L3295,1
2014-01-09,Katerina’s Café,L4034,1
2014-01-09,Katerina’s Café,L5224,1
2014-01-09,Katerina’s Café,L5553,1
2014-01-09,Katerina’s Café,L5756,1
2014-01-09,Katerina’s Café,L6267,1
2014-01-09,Katerina’s Café,L7814,1
2014-01-09,Katerina’s Café,L8012,1
2014-01-09,Katerina’s Café,L8328,1
2014-01-09,Katerina’s Café,L9406,1
2014-01-09,Kronos Mart,L4164,1
2014-01-09,Kronos Pipe and Irrigation,L8477,1
2014-01-09,Maximum Iron and Steel,L8477,1
2014-01-09,Nationwide Refinery,L3317,1
2014-01-09,Nationwide Refinery,L5756,1
2014-01-09,Nationwide Refinery,L7761,1
2014-01-09,Nationwide Refinery,L9633,1
2014-01-09,Ouzeri Elian,L4164,1
2014-01-09,Ouzeri Elian,L6544,1
2014-01-09,Ouzeri Elian,L8148,1
2014-01-09,Shoppers' Delight,L1107,1
2014-01-09,Stewart and Sons Fabrication,L3317,1
2014-01-09,Stewart and Sons Fabrication,L7761,1
2014-01-09,Stewart and Sons Fabrication,L9633,1
2014-01-10,Abila Zacharo,L1107,1
2014-01-10,Abila Zacharo,L4424,1
2014-01-10,Abila Zacharo,L5259,1
2014-01-10,Abila Zacharo,L6267,2
2014-01-10,Abila Zacharo,L7814,1
2014-01-10,Abila Zacharo,L8012,1
2014-01-10,Albert's Fine Clothing,L3366,1
2014-01-10,Bean There Done That,L3014,1
2014-01-10,Bean There Done That,L3191,1
2014-01-10,Bean There Done That,L3366,1
2014-01-10,Bean There Done That,L4149,1
2014-01-10,Bean There Done That,L7783,1
2014-01-10,Brew've Been Served,L1485,1
2014-01-10,Brew've Been Served,L2169,1
2014-01-10,Brew've Been Served,L2247,1
2014-01-10,Brew've Been Served,L2490,1
2014-01-10,Brew've Been Served,L3259,1
2014-01-10,Brew've Been Served,L3572,1
2014-01-10,Brew've Been Served,L3800,1
2014-01-10,Brew've Been Served,L5259,1
2014-01-10,Brew've Been Served,L6110,1
2014-01-10,Brew've Been Served,L8148,1
2014-01-10,Brew've Been Served,L8566,1
2014-01-10,Brew've Been Served,L9254,1
2014-01-10,Brew've Been Served,L9363,1
2014-01-10,Brew've Been Served,L9406,1
2014-01-10,Brewed Awakenings,L2070,1
2014-01-10,Brewed Awakenings,L4164,1
2014-01-10,Brewed Awakenings,L5947,1
2014-01-10,Carlyle Chemical Inc.,L5924,1
2014-01-10,Carlyle Chemical Inc.,L8477,1
2014-01-10,Chostus Hotel,L7291,1
2014-01-10,Coffee Cameleon,L1682,1
2014-01-10,Coffee Cameleon,L3295,1
2014-01-10,Coffee Cameleon,L9018,1
2014-01-10,Frydos Autosupply n' More,L2343,1
2014-01-10,Frydos Autosupply n' More,L3800,1
2014-01-10,Gelatogalore,L2343,1
2014-01-10,Gelatogalore,L3295,1
2014-01-10,Gelatogalore,L7783,1
2014-01-10,General Grocer,L2169,1
2014-01-10,Guy's Gyros,L1682,1
2014-01-10,Guy's Gyros,L2247,1
2014-01-10,Guy's Gyros,L3191,1
2014-01-10,Guy's Gyros,L3800,1
2014-01-10,Guy's Gyros,L4149,1
2014-01-10,Guy's Gyros,L5224,1
2014-01-10,Guy's Gyros,L6110,1
2014-01-10,Guy's Gyros,L8148,2
2014-01-10,Guy's Gyros,L8328,1
2014-01-10,Guy's Gyros,L8566,1
2014-01-10,Guy's Gyros,L9363,1
2014-01-10,Hallowed Grounds,L1107,1
2014-01-10,Hallowed Grounds,L4424,1
2014-01-10,Hallowed Grounds,L5553,1
2014-01-10,Hallowed Grounds,L5777,1
2014-01-10,Hallowed Grounds,L6119,1
2014-01-10,Hallowed Grounds,L6267,1
2014-01-10,Hallowed Grounds,L6544,1
2014-01-10,Hallowed Grounds,L8012,1
2014-01-10,Hallowed Grounds,L8328,1
2014-01-10,Hippokampos,L2070,2
2014-01-10,Hippokampos,L4164,1
2014-01-10,Hippokampos,L6417,1
2014-01-10,Hippokampos,L6886,2
2014-01-10,Hippokampos,L7783,1
2014-01-10,Hippokampos,L8566,1
2014-01-10,Hippokampos,L9363,1
2014-01-10,Jack's Magical Beans,L3288,1
2014-01-10,Jack's Magical Beans,L5224,1
2014-01-10,Jack's Magical Beans,L6267,1
2014-01-10,Kalami Kafenion,L2169,1
2014-01-10,Kalami Kafenion,L2490,1
2014-01-10,Kalami Kafenion,L3288,1
2014-01-10,Kalami Kafenion,L4034,1
2014-01-10,Katerina’s Café,L3259,1
2014-01-10,Katerina’s Café,L3295,1
2014-01-10,Katerina’s Café,L3366,1
2014-01-10,Katerina’s Café,L4034,1
2014-01-10,Katerina’s Café,L4164,1
2014-01-10,Katerina’s Café,L6110,1
2014-01-10,Katerina’s Café,L6544,1
2014-01-10,Katerina’s Café,L9018,1
2014-01-10,Katerina’s Café,L9254,1
2014-01-10,Katerina’s Café,L9637,1
2014-01-10,Nationwide Refinery,L5924,1
2014-01-10,Nationwide Refinery,L9633,1
2014-01-10,Octavio's Office Supplies,L1682,1
2014-01-10,Octavio's Office Supplies,L8566,1
2014-01-10,Ouzeri Elian,L1485,1
2014-01-10,Ouzeri Elian,L2247,1
2014-01-10,Ouzeri Elian,L3014,1
2014-01-10,Ouzeri Elian,L3259,1
2014-01-10,Ouzeri Elian,L5553,1
2014-01-10,Ouzeri Elian,L6119,1
2014-01-10,Ouzeri Elian,L6267,1
2014-01-10,Shoppers' Delight,L5259,1
2014-01-10,Stewart and Sons Fabrication,L5924,1
2014-01-10,Stewart and Sons Fabrication,L9633,1
2014-01-11,Abila Zacharo,L5947,1
2014-01-11,Abila Zacharo,L8012,1
2014-01-11,Abila Zacharo,L9363,1
2014-01-11,Ahaggo Museum,L7291,1
2014-01-11,Ahaggo Museum,L8566,1
2014-01-11,Albert's Fine Clothing,L2169,1
2014-01-11,Albert's Fine Clothing,L5224,1
2014-01-11,Frydos Autosupply n' More,L4164,1
2014-01-11,Frydos Autosupply n' More,L8328,1
2014-01-11,Frydos Autosupply n' More,L9363,1
2014-01-11,Gelatogalore,L5553,1
2014-01-11,General Grocer,L8328,1
2014-01-11,Guy's Gyros,L2247,1
2014-01-11,Guy's Gyros,L3800,1
2014-01-11,Guy's Gyros,L8148,1
2014-01-11,Guy's Gyros,L9254,1
2014-01-11,Hippokampos,L2070,1
2014-01-11,Hippokampos,L2169,1
2014-01-11,Hippokampos,L3191,1
2014-01-11,Hippokampos,L4164,2
2014-01-11,Hippokampos,L6267,1
2014-01-11,Hippokampos,L6417,1
2014-01-11,Hippokampos,L7291,1
2014-01-11,Hippokampos,L7783,1
2014-01-11,Hippokampos,L8566,1
2014-01-11,Kalami Kafenion,L3288,1
2014-01-11,Kalami Kafenion,L5259,1
2014-01-11,Kalami Kafenion,L6417,1
2014-01-11,Kalami Kafenion,L6544,1
2014-01-11,Katerina’s Café,L1682,1
2014-01-11,Katerina’s Café,L2343,1
2014-01-11,Katerina’s Café,L2490,1
2014-01-11,Katerina’s Café,L3259,1
2014-01-11,Katerina’s Café,L3366,1
2014-01-11,Katerina’s Café,L4149,1
2014-01-11,Katerina’s Café,L4424,1
2014-01-11,Katerina’s Café,L5224,1
2014-01-11,Katerina’s Café,L5553,1
2014-01-11,Katerina’s Café,L5947,1
2014-01-11,Katerina’s Café,L6119,1
2014-01-11,Katerina’s Café,L6267,1
2014-01-11,Katerina’s Café,L7814,1
2014-01-11,Katerina’s Café,L8012,1
2014-01-11,Katerina’s Café,L9018,2
2014-01-11,Katerina’s Café,L9406,1
2014-01-11,Katerina’s Café,L9637,2
2014-01-11,Ouzeri Elian,L6267,1
2014-01-11,Shoppers' Delight,L9018,1
2014-01-12,Abila Zacharo,L7291,1
2014-01-12,Ahaggo Museum,L9363,1
2014-01-12,Albert's Fine Clothing,L3014,1
2014-01-12,Albert's Fine Clothing,L9637,1
2014-01-12,Desafio Golf Course,L2070,1
2014-01-12,Desafio Golf Course,L4164,1
2014-01-12,Desafio Golf Course,L6886,1
2014-01-12,Frydos Autosupply n' More,L2247,1
2014-01-12,Frydos Autosupply n' More,L2343,1
2014-01-12,Gelatogalore,L3288,1
2014-01-12,General Grocer,L6417,1
2014-01-12,Guy's Gyros,L1485,1
2014-01-12,Guy's Gyros,L2490,1
2014-01-12,Guy's Gyros,L6544,1
2014-01-12,Guy's Gyros,L8328,1
2014-01-12,Guy's Gyros,L9363,1
2014-01-12,Hippokampos,L2070,1
2014-01-12,Hippokampos,L3191,1
2014-01-12,Hippokampos,L3366,1
2014-01-12,Hippokampos,L4149,1
2014-01-12,Hippokampos,L4164,1
2014-01-12,Hippokampos,L4424,1
2014-01-12,Hippokampos,L5224,1
2014-01-12,Hippokampos,L5777,1
2014-01-12,Hippokampos,L5947,1
2014-01-12,Hippokampos,L6119,1
2014-01-12,Hippokampos,L6417,1
2014-01-12,Hippokampos,L7783,1
2014-01-12,Hippokampos,L9637,1
2014-01-12,Kalami Kafenion,L5947,1
2014-01-12,Kalami Kafenion,L7814,1
2014-01-12,Katerina’s Café,L1682,1
2014-01-12,Katerina’s Café,L3259,1
2014-01-12,Katerina’s Café,L4034,1
2014-01-12,Katerina’s Café,L4424,1
2014-01-12,Katerina’s Café,L6110,1
2014-01-12,Katerina’s Café,L6119,1
2014-01-12,Katerina’s Café,L8328,1
2014-01-12,Katerina’s Café,L9362,2
2014-01-12,Katerina’s Café,L9406,1
2014-01-12,Kronos Mart,L4034,1
2014-01-12,Kronos Mart,L8148,1
2014-01-12,Ouzeri Elian,L2070,1
2014-01-12,Ouzeri Elian,L4034,1
2014-01-12,Ouzeri Elian,L5224,1
2014-01-12,Ouzeri Elian,L5259,1
2014-01-12,Ouzeri Elian,L6267,1
2014-01-12,Ouzeri Elian,L8012,1
2014-01-12,Shoppers' Delight,L3572,1
2014-01-12,Shoppers' Delight,L3800,1
2014-01-12,Shoppers' Delight,L5259,1
2014-01-12,Shoppers' Delight,L8012,1
2014-01-12,Shoppers' Delight,L9362,1
2014-01-13,Abila Airport,L2769,2
2014-01-13,Abila Airport,L4063,1
2014-01-13,Abila Zacharo,L1485,1
2014-01-13,Abila Zacharo,L3191,1
2014-01-13,Abila Zacharo,L3288,1
2014-01-13,Abila Zacharo,L3366,1
2014-01-13,Abila Zacharo,L4149,1
2014-01-13,Abila Zacharo,L4164,1
2014-01-13,Abila Zacharo,L5259,1
2014-01-13,Abila Zacharo,L7291,1
2014-01-13,Abila Zacharo,L8148,1
2014-01-13,Albert's Fine Clothing,L4149,1
2014-01-13,Albert's Fine Clothing,L4164,1
2014-01-13,Bean There Done That,L3014,1
2014-01-13,Bean There Done That,L3191,1
2014-01-13,Bean There Done That,L3366,1
2014-01-13,Bean There Done That,L4149,1
2014-01-13,Bean There Done That,L4424,1
2014-01-13,Bean There Done That,L5553,1
2014-01-13,Bean There Done That,L7783,1
2014-01-13,Brew've Been Served,L1485,1
2014-01-13,Brew've Been Served,L2169,1
2014-01-13,Brew've Been Served,L2343,1
2014-01-13,Brew've Been Served,L2490,1
2014-01-13,Brew've Been Served,L3572,1
2014-01-13,Brew've Been Served,L3800,1
2014-01-13,Brew've Been Served,L5259,1
2014-01-13,Brew've Been Served,L6110,1
2014-01-13,Brew've Been Served,L7291,1
2014-01-13,Brew've Been Served,L8148,1
2014-01-13,Brew've Been Served,L8566,1
2014-01-13,Brew've Been Served,L9254,1
2014-01-13,Brew've Been Served,L9406,1
2014-01-13,Brewed Awakenings,L2070,1
2014-01-13,Brewed Awakenings,L4164,1
2014-01-13,Brewed Awakenings,L5947,1
2014-01-13,Carlyle Chemical Inc.,L4063,1
2014-01-13,Coffee Cameleon,L1682,1
2014-01-13,Coffee Cameleon,L9018,1
2014-01-13,Coffee Cameleon,L9362,1
2014-01-13,Coffee Cameleon,L9637,1
2014-01-13,Coffee Shack,L6417,1
2014-01-13,Frydos Autosupply n' More,L2169,1
2014-01-13,Frydos Autosupply n' More,L6110,1
2014-01-13,Frydos Autosupply n' More,L8328,1
2014-01-13,Frydos Autosupply n' More,L9018,1
2014-01-13,Gelatogalore,L1107,1
2014-01-13,Gelatogalore,L2070,1
2014-01-13,Gelatogalore,L2343,1
2014-01-13,Gelatogalore,L5224,1
2014-01-13,Gelatogalore,L7783,1
2014-01-13,Guy's Gyros,L2247,1
2014-01-13,Guy's Gyros,L3572,1
2014-01-13,Guy's Gyros,L3800,1
2014-01-13,Guy's Gyros,L5259,1
2014-01-13,Guy's Gyros,L5947,1
2014-01-13,Guy's Gyros,L6110,1
2014-01-13,Guy's Gyros,L6417,1
2014-01-13,Guy's Gyros,L6544,2
2014-01-13,Guy's Gyros,L6886,1
2014-01-13,Guy's Gyros,L8328,1
2014-01-13,Guy's Gyros,L8566,1
2014-01-13,Guy's Gyros,L9254,1
2014-01-13,Guy's Gyros,L9363,1
2014-01-13,Guy's Gyros,L9637,1
2014-01-13,Hallowed Grounds,L1107,1
2014-01-13,Hallowed Grounds,L3259,1
2014-01-13,Hallowed Grounds,L5777,1
2014-01-13,Hallowed Grounds,L6119,1
2014-01-13,Hallowed Grounds,L6267,1
2014-01-13,Hallowed Grounds,L6544,1
2014-01-13,Hallowed Grounds,L7814,1
2014-01-13,Hippokampos,L1682,1
2014-01-13,Hippokampos,L2070,1
2014-01-13,Hippokampos,L2169,1
2014-01-13,Hippokampos,L3800,1
2014-01-13,Hippokampos,L4034,1
2014-01-13,Hippokampos,L5224,1
2014-01-13,Hippokampos,L5553,1
2014-01-13,Hippokampos,L5777,1
2014-01-13,Hippokampos,L6417,1
2014-01-13,Hippokampos,L6886,1
2014-01-13,Hippokampos,L7783,1
2014-01-13,Hippokampos,L9254,1
2014-01-13,Hippokampos,L9406,1
2014-01-13,Jack's Magical Beans,L3288,1
2014-01-13,Jack's Magical Beans,L5224,1
2014-01-13,Jack's Magical Beans,L6267,1
2014-01-13,Jack's Magical Beans,L6886,1
2014-01-13,Kalami Kafenion,L2247,1
2014-01-13,Katerina’s Café,L3259,1
2014-01-13,Katerina’s Café,L4034,1
2014-01-13,Katerina’s Café,L4424,2
2014-01-13,Katerina’s Café,L6119,2
2014-01-13,Katerina’s Café,L6267,1
2014-01-13,Katerina’s Café,L7814,1
2014-01-13,Katerina’s Café,L8012,1
2014-01-13,Katerina’s Café,L9018,1
2014-01-13,Katerina’s Café,L9362,2
2014-01-13,Katerina’s Café,L9637,1
2014-01-13,Kronos Pipe and Irrigation,L4063,1
2014-01-13,Maximum Iron and Steel,L4063,1
2014-01-13,Nationwide Refinery,L9633,1
2014-01-13,Ouzeri Elian,L1107,1
2014-01-13,Ouzeri Elian,L3014,1
2014-01-13,Ouzeri Elian,L4063,1
2014-01-13,Ouzeri Elian,L5777,1
2014-01-13,Ouzeri Elian,L8012,1
2014-01-13,Ouzeri Elian,L8566,1
2014-01-13,Shoppers' Delight,L1485,1
2014-01-13,Shoppers' Delight,L9363,1
2014-01-13,Stewart and Sons Fabrication,L9633,1
2014-01-14,Abila Airport,L2769,2
2014-01-14,Abila Airport,L3317,1
2014-01-14,Abila Airport,L7761,1
2014-01-14,Abila Scrapyard,L3317,1
2014-01-14,Abila Zacharo,L2169,1
2014-01-14,Abila Zacharo,L3259,1
2014-01-14,Abila Zacharo,L6110,1
2014-01-14,Abila Zacharo,L8012,1
2014-01-14,Abila Zacharo,L8148,1
2014-01-14,Albert's Fine Clothing,L2490,1
2014-01-14,Albert's Fine Clothing,L3191,1
2014-01-14,Bean There Done That,L3191,1
2014-01-14,Bean There Done That,L3366,1
2014-01-14,Bean There Done That,L4149,1
2014-01-14,Bean There Done That,L7783,1
2014-01-14,Brew've Been Served,L1485,1
2014-01-14,Brew've Been Served,L2247,1
2014-01-14,Brew've Been Served,L2343,1
2014-01-14,Brew've Been Served,L2490,1
2014-01-14,Brew've Been Served,L3259,1
2014-01-14,Brew've Been Served,L3572,1
2014-01-14,Brew've Been Served,L3800,1
2014-01-14,Brew've Been Served,L4034,1
2014-01-14,Brew've Been Served,L5259,1
2014-01-14,Brew've Been Served,L6110,1
2014-01-14,Brew've Been Served,L7291,1
2014-01-14,Brew've Been Served,L8148,1
2014-01-14,Brew've Been Served,L8566,1
2014-01-14,Brew've Been Served,L9254,1
2014-01-14,Brew've Been Served,L9363,1
2014-01-14,Brew've Been Served,L9406,1
2014-01-14,Brewed Awakenings,L2070,1
2014-01-14,Brewed Awakenings,L2169,1
2014-01-14,Brewed Awakenings,L4164,1
2014-01-14,Brewed Awakenings,L5947,1
2014-01-14,Carlyle Chemical Inc.,L5756,3
2014-01-14,Chostus Hotel,L5947,1
2014-01-14,Chostus Hotel,L7291,1
2014-01-14,Coffee Cameleon,L1682,1
2014-01-14,Coffee Cameleon,L9018,1
2014-01-14,Coffee Cameleon,L9362,1
2014-01-14,Coffee Cameleon,L9637,1
2014-01-14,Coffee Shack,L6417,1
2014-01-14,Frydos Autosupply n' More,L2169,1
2014-01-14,Frydos Autosupply n' More,L9363,1
2014-01-14,Frydos Autosupply n' More,L9406,1
2014-01-14,Gelatogalore,L2247,1
2014-01-14,Gelatogalore,L3014,1
2014-01-14,Gelatogalore,L3800,1
2014-01-14,Gelatogalore,L6886,1
2014-01-14,Gelatogalore,L8328,1
2014-01-14,Guy's Gyros,L2247,1
2014-01-14,Guy's Gyros,L3288,1
2014-01-14,Guy's Gyros,L3800,1
2014-01-14,Guy's Gyros,L4424,1
2014-01-14,Guy's Gyros,L5259,1
2014-01-14,Guy's Gyros,L5553,1
2014-01-14,Guy's Gyros,L6544,1
2014-01-14,Guy's Gyros,L8566,1
2014-01-14,Guy's Gyros,L9254,1
2014-01-14,Hallowed Grounds,L1107,1
2014-01-14,Hallowed Grounds,L4424,1
2014-01-14,Hallowed Grounds,L5553,1
2014-01-14,Hallowed Grounds,L6119,1
2014-01-14,Hallowed Grounds,L6267,1
2014-01-14,Hallowed Grounds,L6544,1
2014-01-14,Hallowed Grounds,L8012,1
2014-01-14,Hallowed Grounds,L8328,1
2014-01-14,Hippokampos,L1485,1
2014-01-14,Hippokampos,L1682,1
2014-01-14,Hippokampos,L2070,1
2014-01-14,Hippokampos,L2343,1
2014-01-14,Hippokampos,L3014,1
2014-01-14,Hippokampos,L5947,1
2014-01-14,Hippokampos,L6119,1
2014-01-14,Hippokampos,L6886,1
2014-01-14,Hippokampos,L7783,1
2014-01-14,Hippokampos,L9363,1
2014-01-14,Jack's Magical Beans,L3288,1
2014-01-14,Jack's Magical Beans,L5224,1
2014-01-14,Jack's Magical Beans,L6267,1
2014-01-14,Jack's Magical Beans,L6886,1
2014-01-14,Kalami Kafenion,L2070,1
2014-01-14,Kalami Kafenion,L3191,1
2014-01-14,Kalami Kafenion,L4034,1
2014-01-14,Kalami Kafenion,L4149,1
2014-01-14,Kalami Kafenion,L5777,1
2014-01-14,Kalami Kafenion,L7814,1
2014-01-14,Kalami Kafenion,L9406,1
2014-01-14,Katerina’s Café,L2343,1
2014-01-14,Katerina’s Café,L3366,1
2014-01-14,Katerina’s Café,L4034,1
2014-01-14,Katerina’s Café,L4424,1
2014-01-14,Katerina’s Café,L5224,1
2014-01-14,Katerina’s Café,L5259,1
2014-01-14,Katerina’s Café,L5553,1
2014-01-14,Katerina’s Café,L6110,1
2014-01-14,Katerina’s Café,L6119,1
2014-01-14,Katerina’s Café,L6267,2
2014-01-14,Katerina’s Café,L7814,1
2014-01-14,Katerina’s Café,L8566,1
2014-01-14,Katerina’s Café,L9018,1
2014-01-14,Katerina’s Café,L9254,1
2014-01-14,Katerina’s Café,L9362,2
2014-01-14,Nationwide Refinery,L3317,1
2014-01-14,Nationwide Refinery,L5756,1
2014-01-14,Nationwide Refinery,L7761,1
2014-01-14,Nationwide Refinery,L9633,1
2014-01-14,Ouzeri Elian,L1107,2
2014-01-14,Ouzeri Elian,L2490,1
2014-01-14,Ouzeri Elian,L5777,1
2014-01-14,Ouzeri Elian,L6267,1
2014-01-14,Ouzeri Elian,L6417,1
2014-01-14,Ouzeri Elian,L6544,1
2014-01-14,Roberts and Sons,L3259,1
2014-01-14,Stewart and Sons Fabrication,L7761,1
2014-01-14,Stewart and Sons Fabrication,L9633,1
2014-01-15,Abila Airport,L2769,2
2014-01-15,Abila Zacharo,L3191,1
2014-01-15,Abila Zacharo,L4164,1
2014-01-15,Abila Zacharo,L6119,1
2014-01-15,Abila Zacharo,L7814,1
2014-01-15,Abila Zacharo,L9362,1
2014-01-15,Abila Zacharo,L9406,1
2014-01-15,Albert's Fine Clothing,L6417,1
2014-01-15,Bean There Done That,L3014,1
2014-01-15,Bean There Done That,L3191,1
2014-01-15,Bean There Done That,L3366,1
2014-01-15,Bean There Done That,L4149,1
2014-01-15,Brew've Been Served,L1485,1
2014-01-15,Brew've Been Served,L2169,1
2014-01-15,Brew've Been Served,L2247,1
2014-01-15,Brew've Been Served,L2343,1
2014-01-15,Brew've Been Served,L2490,1
2014-01-15,Brew've Been Served,L3259,1
2014-01-15,Brew've Been Served,L3572,1
2014-01-15,Brew've Been Served,L3800,1
2014-01-15,Brew've Been Served,L5259,1
2014-01-15,Brew've Been Served,L6110,1
2014-01-15,Brew've Been Served,L7291,1
2014-01-15,Brew've Been Served,L8148,1
2014-01-15,Brew've Been Served,L8566,1
2014-01-15,Brew've Been Served,L9363,1
2014-01-15,Brew've Been Served,L9406,1
2014-01-15,Brewed Awakenings,L2070,1
2014-01-15,Brewed Awakenings,L4164,1
2014-01-15,Brewed Awakenings,L5947,1
2014-01-15,Carlyle Chemical Inc.,L5756,3
2014-01-15,Coffee Cameleon,L1682,1
2014-01-15,Coffee Cameleon,L9018,1
2014-01-15,Coffee Cameleon,L9362,1
2014-01-15,Coffee Cameleon,L9637,1
2014-01-15,Coffee Shack,L6417,1
2014-01-15,Frydos Autosupply n' More,L5947,1
2014-01-15,Frydos Autosupply n' More,L7291,1
2014-01-15,Frydos Autosupply n' More,L9406,1
2014-01-15,Gelatogalore,L1107,1
2014-01-15,Gelatogalore,L1485,1
2014-01-15,Gelatogalore,L5259,1
2014-01-15,Gelatogalore,L6417,1
2014-01-15,Gelatogalore,L6886,1
2014-01-15,General Grocer,L5259,1
2014-01-15,General Grocer,L6886,1
2014-01-15,General Grocer,L8566,1
2014-01-15,Guy's Gyros,L1485,1
2014-01-15,Guy's Gyros,L2169,1
2014-01-15,Guy's Gyros,L2247,1
2014-01-15,Guy's Gyros,L2343,1
2014-01-15,Guy's Gyros,L2490,1
2014-01-15,Guy's Gyros,L3572,1
2014-01-15,Guy's Gyros,L5553,1
2014-01-15,Guy's Gyros,L6267,1
2014-01-15,Guy's Gyros,L7783,1
2014-01-15,Guy's Gyros,L8148,1
2014-01-15,Guy's Gyros,L8566,1
2014-01-15,Guy's Gyros,L9254,2
2014-01-15,Guy's Gyros,L9637,1
2014-01-15,Hallowed Grounds,L1107,1
2014-01-15,Hallowed Grounds,L5553,1
2014-01-15,Hallowed Grounds,L5777,1
2014-01-15,Hallowed Grounds,L6267,1
2014-01-15,Hallowed Grounds,L6544,1
2014-01-15,Hallowed Grounds,L7814,1
2014-01-15,Hippokampos,L2070,1
2014-01-15,Hippokampos,L2169,1
2014-01-15,Hippokampos,L3014,2
2014-01-15,Hippokampos,L3191,1
2014-01-15,Hippokampos,L3366,1
2014-01-15,Hippokampos,L4149,1
2014-01-15,Hippokampos,L5224,1
2014-01-15,Hippokampos,L5947,1
2014-01-15,Hippokampos,L6267,1
2014-01-15,Hippokampos,L7291,1
2014-01-15,Jack's Magical Beans,L3288,1
2014-01-15,Jack's Magical Beans,L5224,1
2014-01-15,Jack's Magical Beans,L6886,1
2014-01-15,Kalami Kafenion,L3366,1
2014-01-15,Kalami Kafenion,L4034,1
2014-01-15,Kalami Kafenion,L4424,1
2014-01-15,Kalami Kafenion,L5224,1
2014-01-15,Kalami Kafenion,L6110,1
2014-01-15,Kalami Kafenion,L9363,1
2014-01-15,Katerina’s Café,L1682,1
2014-01-15,Katerina’s Café,L2343,1
2014-01-15,Katerina’s Café,L3288,1
2014-01-15,Katerina’s Café,L4034,1
2014-01-15,Katerina’s Café,L5553,1
2014-01-15,Katerina’s Café,L5756,1
2014-01-15,Katerina’s Café,L6110,1
2014-01-15,Katerina’s Café,L6267,1
2014-01-15,Katerina’s Café,L7814,1
2014-01-15,Katerina’s Café,L8012,2
2014-01-15,Katerina’s Café,L9018,2
2014-01-15,Katerina’s Café,L9362,1
2014-01-15,Kronos Mart,L6544,1
2014-01-15,Kronos Pipe and Irrigation,L8477,1
2014-01-15,Maximum Iron and Steel,L8477,1
2014-01-15,Nationwide Refinery,L5756,1
2014-01-15,Nationwide Refinery,L9633,1
2014-01-15,Ouzeri Elian,L1107,1
2014-01-15,Ouzeri Elian,L1682,1
2014-01-15,Ouzeri Elian,L2247,1
2014-01-15,Ouzeri Elian,L2490,1
2014-01-15,Ouzeri Elian,L3288,1
2014-01-15,Ouzeri Elian,L4149,1
2014-01-15,Ouzeri Elian,L5777,2
2014-01-15,Ouzeri Elian,L6267,1
2014-01-15,Ouzeri Elian,L6544,1
2014-01-15,Ouzeri Elian,L8328,1
2014-01-15,Shoppers' Delight,L2070,1
2014-01-15,Stewart and Sons Fabrication,L5485,1
2014-01-16,Abila Airport,L2769,2
2014-01-16,Abila Airport,L3317,1
2014-01-16,Abila Airport,L7761,1
2014-01-16,Abila Scrapyard,L3317,1
2014-01-16,Abila Zacharo,L3288,1
2014-01-16,Abila Zacharo,L9362,1
2014-01-16,Abila Zacharo,L9363,1
2014-01-16,Abila Zacharo,L9406,1
2014-01-16,Albert's Fine Clothing,L5259,1
2014-01-16,Albert's Fine Clothing,L6417,1
2014-01-16,Bean There Done That,L3014,1
2014-01-16,Bean There Done That,L3191,1
2014-01-16,Bean There Done That,L3366,1
2014-01-16,Bean There Done That,L7783,1
2014-01-16,Brew've Been Served,L1485,1
2014-01-16,Brew've Been Served,L2169,1
2014-01-16,Brew've Been Served,L2247,1
2014-01-16,Brew've Been Served,L2490,1
2014-01-16,Brew've Been Served,L3572,1
2014-01-16,Brew've Been Served,L3800,1
2014-01-16,Brew've Been Served,L5259,1
2014-01-16,Brew've Been Served,L6110,1
2014-01-16,Brew've Been Served,L8148,1
2014-01-16,Brew've Been Served,L8566,1
2014-01-16,Brew've Been Served,L9254,1
2014-01-16,Brew've Been Served,L9406,1
2014-01-16,Brewed Awakenings,L2070,1
2014-01-16,Brewed Awakenings,L5947,1
2014-01-16,Carlyle Chemical Inc.,L5756,2
2014-01-16,Coffee Cameleon,L1682,1
2014-01-16,Coffee Cameleon,L9018,1
2014-01-16,Coffee Cameleon,L9362,1
2014-01-16,Coffee Shack,L6417,1
2014-01-16,Frydos Autosupply n' More,L4424,1
2014-01-16,Frydos Autosupply n' More,L9406,1
2014-01-16,Gelatogalore,L2169,1
2014-01-16,Gelatogalore,L3259,1
2014-01-16,Gelatogalore,L4424,1
2014-01-16,Gelatogalore,L6886,1
2014-01-16,Guy's Gyros,L2490,1
2014-01-16,Guy's Gyros,L3014,1
2014-01-16,Guy's Gyros,L3800,1
2014-01-16,Guy's Gyros,L5259,1
2014-01-16,Guy's Gyros,L5777,1
2014-01-16,Guy's Gyros,L6119,1
2014-01-16,Guy's Gyros,L6544,1
2014-01-16,Guy's Gyros,L7291,1
2014-01-16,Guy's Gyros,L8148,2
2014-01-16,Guy's Gyros,L8328,1
2014-01-16,Guy's Gyros,L8566,1
2014-01-16,Guy's Gyros,L9363,1
2014-01-16,Hallowed Grounds,L1107,1
2014-01-16,Hallowed Grounds,L3259,1
2014-01-16,Hallowed Grounds,L4424,1
2014-01-16,Hallowed Grounds,L5553,1
2014-01-16,Hallowed Grounds,L5777,1
2014-01-16,Hallowed Grounds,L6119,1
2014-01-16,Hallowed Grounds,L6267,1
2014-01-16,Hallowed Grounds,L6544,1
2014-01-16,Hallowed Grounds,L7814,1
2014-01-16,Hallowed Grounds,L8328,1
2014-01-16,Hippokampos,L1682,1
2014-01-16,Hippokampos,L2070,1
2014-01-16,Hippokampos,L3191,1
2014-01-16,Hippokampos,L3366,1
2014-01-16,Hippokampos,L4149,2
2014-01-16,Hippokampos,L4164,1
2014-01-16,Hippokampos,L5553,1
2014-01-16,Hippokampos,L5947,1
2014-01-16,Hippokampos,L6267,2
2014-01-16,Hippokampos,L7783,1
2014-01-16,Hippokampos,L9254,1
2014-01-16,Jack's Magical Beans,L3288,1
2014-01-16,Jack's Magical Beans,L5224,1
2014-01-16,Jack's Magical Beans,L6267,1
2014-01-16,Jack's Magical Beans,L6886,1
2014-01-16,Kalami Kafenion,L2343,1
2014-01-16,Kalami Kafenion,L3191,1
2014-01-16,Kalami Kafenion,L3366,1
2014-01-16,Kalami Kafenion,L3800,1
2014-01-16,Kalami Kafenion,L7814,1
2014-01-16,Katerina’s Café,L1682,1
2014-01-16,Katerina’s Café,L2247,1
2014-01-16,Katerina’s Café,L2343,1
2014-01-16,Katerina’s Café,L2490,1
2014-01-16,Katerina’s Café,L3259,1
2014-01-16,Katerina’s Café,L4034,2
2014-01-16,Katerina’s Café,L4164,1
2014-01-16,Katerina’s Café,L5553,1
2014-01-16,Katerina’s Café,L5756,1
2014-01-16,Katerina’s Café,L6110,1
2014-01-16,Katerina’s Café,L6119,1
2014-01-16,Katerina’s Café,L7291,1
2014-01-16,Katerina’s Café,L7814,1
2014-01-16,Katerina’s Café,L8328,1
2014-01-16,Katerina’s Café,L9018,1
2014-01-16,Katerina’s Café,L9362,1
2014-01-16,Katerina’s Café,L9637,1
2014-01-16,Kronos Mart,L7783,1
2014-01-16,Nationwide Refinery,L5756,1
2014-01-16,Nationwide Refinery,L7761,1
2014-01-16,Nationwide Refinery,L9633,1
2014-01-16,Octavio's Office Supplies,L2247,1
2014-01-16,Ouzeri Elian,L1107,2
2014-01-16,Ouzeri Elian,L1485,1
2014-01-16,Ouzeri Elian,L3288,1
2014-01-16,Ouzeri Elian,L5777,1
2014-01-16,Ouzeri Elian,L6267,1
2014-01-16,Ouzeri Elian,L6417,1
2014-01-16,Ouzeri Elian,L9018,1
2014-01-16,Roberts and Sons,L2169,1
2014-01-16,Roberts and Sons,L9254,1
2014-01-16,Shoppers' Delight,L3014,1
2014-01-16,Shoppers' Delight,L3572,1
2014-01-16,Stewart and Sons Fabrication,L7761,1
2014-01-16,Stewart and Sons Fabrication,L9633,1
2014-01-17,Abila Zacharo,L2070,1
2014-01-17,Abila Zacharo,L2247,1
2014-01-17,Abila Zacharo,L2459,1
2014-01-17,Abila Zacharo,L3366,1
2014-01-17,Abila Zacharo,L9254,1
2014-01-17,Abila Zacharo,L9637,1
2014-01-17,Albert's Fine Clothing,L4149,1
2014-01-17,Bean There Done That,L3014,1
2014-01-17,Bean There Done That,L3191,1
2014-01-17,Bean There Done That,L3366,1
2014-01-17,Bean There Done That,L4149,1
2014-01-17,Bean There Done That,L7783,1
2014-01-17,Brew've Been Served,L1485,1
2014-01-17,Brew've Been Served,L2247,1
2014-01-17,Brew've Been Served,L2490,1
2014-01-17,Brew've Been Served,L3259,1
2014-01-17,Brew've Been Served,L3572,1
2014-01-17,Brew've Been Served,L3800,1
2014-01-17,Brew've Been Served,L4034,1
2014-01-17,Brew've Been Served,L5259,1
2014-01-17,Brew've Been Served,L6110,1
2014-01-17,Brew've Been Served,L7291,1
2014-01-17,Brew've Been Served,L8566,1
2014-01-17,Brew've Been Served,L9254,1
2014-01-17,Brew've Been Served,L9363,1
2014-01-17,Brew've Been Served,L9406,1
2014-01-17,Brewed Awakenings,L2070,1
2014-01-17,Brewed Awakenings,L4164,1
2014-01-17,Brewed Awakenings,L5947,1
2014-01-17,Chostus Hotel,L5947,1
2014-01-17,Chostus Hotel,L7291,1
2014-01-17,Coffee Cameleon,L1682,1
2014-01-17,Coffee Cameleon,L8148,1
2014-01-17,Coffee Cameleon,L9018,1
2014-01-17,Coffee Cameleon,L9362,1
2014-01-17,Coffee Cameleon,L9637,1
2014-01-17,Coffee Shack,L6417,1
2014-01-17,Frydos Autosupply n' More,L2247,1
2014-01-17,Frydos Autosupply n' More,L9406,1
2014-01-17,Gelatogalore,L1107,1
2014-01-17,Gelatogalore,L3191,1
2014-01-17,Gelatogalore,L5224,1
2014-01-17,Gelatogalore,L5259,1
2014-01-17,Gelatogalore,L7814,1
2014-01-17,General Grocer,L6544,1
2014-01-17,Guy's Gyros,L1485,2
2014-01-17,Guy's Gyros,L2169,1
2014-01-17,Guy's Gyros,L2343,1
2014-01-17,Guy's Gyros,L2490,2
2014-01-17,Guy's Gyros,L4164,1
2014-01-17,Guy's Gyros,L5259,1
2014-01-17,Guy's Gyros,L6417,1
2014-01-17,Guy's Gyros,L7291,1
2014-01-17,Guy's Gyros,L8148,1
2014-01-17,Guy's Gyros,L8566,1
2014-01-17,Guy's Gyros,L9363,1
2014-01-17,Hallowed Grounds,L2459,1
2014-01-17,Hallowed Grounds,L4424,1
2014-01-17,Hallowed Grounds,L5553,1
2014-01-17,Hallowed Grounds,L5777,1
2014-01-17,Hallowed Grounds,L6119,1
2014-01-17,Hallowed Grounds,L6267,1
2014-01-17,Hallowed Grounds,L7814,1
2014-01-17,Hallowed Grounds,L8012,1
2014-01-17,Hippokampos,L2070,1
2014-01-17,Hippokampos,L3014,1
2014-01-17,Hippokampos,L3191,1
2014-01-17,Hippokampos,L3288,1
2014-01-17,Hippokampos,L4164,1
2014-01-17,Hippokampos,L5553,1
2014-01-17,Hippokampos,L5947,1
2014-01-17,Hippokampos,L6267,1
2014-01-17,Hippokampos,L6417,1
2014-01-17,Hippokampos,L6886,1
2014-01-17,Hippokampos,L8148,1
2014-01-17,Hippokampos,L8566,1
2014-01-17,Hippokampos,L9018,1
2014-01-17,Jack's Magical Beans,L3288,1
2014-01-17,Jack's Magical Beans,L6267,1
2014-01-17,Kalami Kafenion,L1682,1
2014-01-17,Kalami Kafenion,L4424,1
2014-01-17,Kalami Kafenion,L6110,1
2014-01-17,Kalami Kafenion,L6544,1
2014-01-17,Kalami Kafenion,L6886,1
2014-01-17,Katerina’s Café,L1682,1
2014-01-17,Katerina’s Café,L2169,1
2014-01-17,Katerina’s Café,L2343,1
2014-01-17,Katerina’s Café,L3259,1
2014-01-17,Katerina’s Café,L4034,1
2014-01-17,Katerina’s Café,L4149,1
2014-01-17,Katerina’s Café,L6119,1
2014-01-17,Katerina’s Café,L7814,1
2014-01-17,Katerina’s Café,L8012,1
2014-01-17,Katerina’s Café,L8328,1
2014-01-17,Katerina’s Café,L9018,1
2014-01-17,Katerina’s Café,L9362,1
2014-01-17,Katerina’s Café,L9406,1
2014-01-17,Katerina’s Café,L9637,1
2014-01-17,Ouzeri Elian,L1107,1
2014-01-17,Ouzeri Elian,L3288,1
2014-01-17,Ouzeri Elian,L5777,1
2014-01-17,Ouzeri Elian,L6267,1
2014-01-17,Ouzeri Elian,L8328,1
2014-01-17,Shoppers' Delight,L3572,1
2014-01-17,Shoppers' Delight,L3800,1
2014-01-17,Stewart and Sons Fabrication,L9633,1
2014-01-18,Abila Zacharo,L1682,1
2014-01-18,Abila Zacharo,L5224,1
2014-01-18,Abila Zacharo,L5777,1
2014-01-18,Abila Zacharo,L5947,1
2014-01-18,Abila Zacharo,L8566,1
2014-01-18,Ahaggo Museum,L3288,1
2014-01-18,Ahaggo Museum,L3800,1
2014-01-18,Albert's Fine Clothing,L3366,1
2014-01-18,Albert's Fine Clothing,L5224,1
2014-01-18,Albert's Fine Clothing,L6267,1
2014-01-18,Chostus Hotel,L2459,1
2014-01-18,Frank's Fuel,L3191,1
2014-01-18,Frydos Autosupply n' More,L2247,1
2014-01-18,Frydos Autosupply n' More,L3014,1
2014-01-18,Frydos Autosupply n' More,L4034,1
2014-01-18,Frydos Autosupply n' More,L4424,1
2014-01-18,Frydos Autosupply n' More,L6886,1
2014-01-18,Gelatogalore,L1107,1
2014-01-18,General Grocer,L9362,1
2014-01-18,General Grocer,L9363,1
2014-01-18,Guy's Gyros,L2247,1
2014-01-18,Guy's Gyros,L2490,1
2014-01-18,Guy's Gyros,L3800,1
2014-01-18,Guy's Gyros,L4424,1
2014-01-18,Guy's Gyros,L5553,1
2014-01-18,Hippokampos,L2070,1
2014-01-18,Hippokampos,L3014,1
2014-01-18,Hippokampos,L3288,1
2014-01-18,Hippokampos,L3366,1
2014-01-18,Hippokampos,L6417,1
2014-01-18,Hippokampos,L6886,1
2014-01-18,Hippokampos,L7783,1
2014-01-18,Kalami Kafenion,L1485,1
2014-01-18,Kalami Kafenion,L2070,1
2014-01-18,Kalami Kafenion,L2247,1
2014-01-18,Kalami Kafenion,L2343,1
2014-01-18,Kalami Kafenion,L3191,1
2014-01-18,Kalami Kafenion,L4149,1
2014-01-18,Kalami Kafenion,L6886,1
2014-01-18,Kalami Kafenion,L9363,1
2014-01-18,Katerina’s Café,L1485,1
2014-01-18,Katerina’s Café,L2169,1
2014-01-18,Katerina’s Café,L2459,1
2014-01-18,Katerina’s Café,L2490,1
2014-01-18,Katerina’s Café,L4164,1
2014-01-18,Katerina’s Café,L4424,1
2014-01-18,Katerina’s Café,L5259,1
2014-01-18,Katerina’s Café,L6110,2
2014-01-18,Katerina’s Café,L6119,1
2014-01-18,Katerina’s Café,L6267,1
2014-01-18,Katerina’s Café,L8012,1
2014-01-18,Katerina’s Café,L9018,1
2014-01-18,Katerina’s Café,L9254,1
2014-01-18,Katerina’s Café,L9362,1
2014-01-18,Kronos Mart,L2070,1
2014-01-18,Kronos Mart,L2490,1
2014-01-18,Kronos Mart,L5777,1
2014-01-18,Ouzeri Elian,L1107,1
2014-01-18,Ouzeri Elian,L3366,1
2014-01-18,Ouzeri Elian,L5777,1
2014-01-18,Ouzeri Elian,L6267,1
2014-01-18,Ouzeri Elian,L9362,1
2014-01-18,Roberts and Sons,L1682,1
2014-01-18,Roberts and Sons,L5553,1
2014-01-18,Roberts and Sons,L5947,1
2014-01-18,Shoppers' Delight,L5224,1
2014-01-19,Abila Zacharo,L9363,1
2014-01-19,Ahaggo Museum,L3288,1
2014-01-19,Albert's Fine Clothing,L5947,1
2014-01-19,Albert's Fine Clothing,L9637,1
2014-01-19,Desafio Golf Course,L2070,1
2014-01-19,Desafio Golf Course,L2459,1
2014-01-19,Desafio Golf Course,L4164,1
2014-01-19,Desafio Golf Course,L5224,1
2014-01-19,Desafio Golf Course,L6886,1
2014-01-19,Frydos Autosupply n' More,L2490,1
2014-01-19,Frydos Autosupply n' More,L3259,1
2014-01-19,Frydos Autosupply n' More,L8566,1
2014-01-19,Gelatogalore,L3366,1
2014-01-19,General Grocer,L3366,1
2014-01-19,Guy's Gyros,L1485,1
2014-01-19,Guy's Gyros,L2169,1
2014-01-19,Guy's Gyros,L2459,1
2014-01-19,Guy's Gyros,L2490,1
2014-01-19,Guy's Gyros,L3288,1
2014-01-19,Guy's Gyros,L3800,1
2014-01-19,Guy's Gyros,L6544,1
2014-01-19,Guy's Gyros,L7291,1
2014-01-19,Guy's Gyros,L8148,1
2014-01-19,Guy's Gyros,L9254,1
2014-01-19,Guy's Gyros,L9363,1
2014-01-19,Hippokampos,L2070,1
2014-01-19,Hippokampos,L3014,1
2014-01-19,Hippokampos,L3191,1
2014-01-19,Hippokampos,L3366,1
2014-01-19,Hippokampos,L5224,1
2014-01-19,Hippokampos,L6886,1
2014-01-19,Hippokampos,L7783,1
2014-01-19,Katerina’s Café,L2169,1
2014-01-19,Katerina’s Café,L4424,1
2014-01-19,Katerina’s Café,L5553,1
2014-01-19,Katerina’s Café,L6119,1
2014-01-19,Katerina’s Café,L8566,1
2014-01-19,Katerina’s Café,L9254,1
2014-01-19,Katerina’s Café,L9362,1
2014-01-19,Ouzeri Elian,L2490,1
2014-01-19,Ouzeri Elian,L3800,1
2014-01-19,Ouzeri Elian,L6267,1
2014-01-19,Shoppers' Delight,L9637,1
